--
-- PostgreSQL database dump
--

-- Dumped from database version 17.4
-- Dumped by pg_dump version 17.4

-- Started on 2025-04-29 19:09:30

SET statement_timeout = 0;
SET lock_timeout = 0;
SET idle_in_transaction_session_timeout = 0;
SET transaction_timeout = 0;
SET client_encoding = 'UTF8';
SET standard_conforming_strings = on;
SELECT pg_catalog.set_config('search_path', '', false);
SET check_function_bodies = false;
SET xmloption = content;
SET client_min_messages = warning;
SET row_security = off;

SET default_tablespace = '';

SET default_table_access_method = heap;

--
-- TOC entry 219 (class 1259 OID 16573)
-- Name: containers_; Type: TABLE; Schema: public; Owner: postgres
--

CREATE TABLE public.containers_ (
    containerid_ integer NOT NULL,
    type_ integer,
    capacityl_ double precision
);


 
--
-- TOC entry 224 (class 1259 OID 16726)
-- Name: employee; Type: TABLE; Schema: public; Owner: postgres
--

CREATE TABLE public.employee (
    employeeid integer NOT NULL,
    role character varying(6),
    name character varying(10)
);


 
--
-- TOC entry 220 (class 1259 OID 16653)
-- Name: finalproduct_; Type: TABLE; Schema: public; Owner: postgres
--

CREATE TABLE public.finalproduct_ (
    quntityofbottle double precision,
    batchnumber_ integer NOT NULL,
    winetype_ character varying(10),
    bottlingdate_ date,
    numbottls integer NOT NULL
);


 
--
-- TOC entry 217 (class 1259 OID 16558)
-- Name: grapes; Type: TABLE; Schema: public; Owner: postgres
--

CREATE TABLE public.grapes (
    grapeid integer NOT NULL,
    variety integer,
    harvestdate_ date
);


 
--
-- TOC entry 218 (class 1259 OID 16563)
-- Name: materials_; Type: TABLE; Schema: public; Owner: postgres
--

CREATE TABLE public.materials_ (
    materialid_ integer NOT NULL,
    name_ character varying(10),
    supplierid_ integer,
    quantityavailable_ double precision
);



--
-- TOC entry 226 (class 1259 OID 16742)
-- Name: process_equipment; Type: TABLE; Schema: public; Owner: postgres
--

CREATE TABLE public.process_equipment (
    equipmentid_ integer NOT NULL,
    processid_ integer NOT NULL
);




--
-- TOC entry 222 (class 1259 OID 16693)
-- Name: process_materials; Type: TABLE; Schema: public; Owner: postgres
--

CREATE TABLE public.process_materials (
    usageamount integer,
    processid_ integer NOT NULL,
    materialid_ integer NOT NULL
);


 
--
-- TOC entry 223 (class 1259 OID 16708)
-- Name: processcontainers; Type: TABLE; Schema: public; Owner: postgres
--

CREATE TABLE public.processcontainers (
    containerid_ integer NOT NULL,
    processid_ integer NOT NULL
);



--
-- TOC entry 225 (class 1259 OID 16737)
-- Name: productionequipment_; Type: TABLE; Schema: public; Owner: postgres
--

CREATE TABLE public.productionequipment_ (
    equipmentid_ integer NOT NULL,
    type_ character(10),
    status_ character varying(10)
);


 
--
-- TOC entry 221 (class 1259 OID 16658)
-- Name: productionprocess_; Type: TABLE; Schema: public; Owner: postgres
--

CREATE TABLE public.productionprocess_ (
    processid_ integer NOT NULL,
    type_ integer,
    startdate_ date,
    enddate_ date,
    seqnumber integer,
    grapeid integer,
    employeeid integer,
    batchnumber_ integer
);


 
--
-- TOC entry 4952 (class 0 OID 16573)
-- Dependencies: 219
-- Data for Name: containers_; Type: TABLE DATA; Schema: public; Owner: postgres
--

COPY public.containers_ (containerid_, type_, capacityl_) FROM stdin;
1	4	787
2	7	76
3	9	763
4	10	253
5	9	574
6	4	894
7	2	839
8	8	634
9	10	367
10	9	248
11	8	21
12	10	498
13	6	896
14	6	177
15	8	1
16	8	249
17	4	660
18	7	213
19	6	737
20	5	451
21	3	549
22	3	605
23	4	603
24	2	729
25	7	872
26	5	274
27	6	979
28	3	853
29	3	711
30	4	502
31	10	538
32	7	42
33	6	754
34	8	829
35	2	437
36	1	343
37	2	149
38	7	913
39	9	312
40	9	398
41	6	482
42	9	469
43	6	753
44	5	585
45	10	797
46	7	460
47	9	377
48	4	41
49	1	673
50	9	186
51	2	761
52	6	385
53	10	296
54	1	49
55	8	791
56	8	223
57	9	1000
58	7	821
59	2	11
60	2	171
61	8	763
62	2	776
63	3	394
64	6	438
65	4	673
66	3	566
67	3	928
68	7	574
69	1	560
70	5	22
71	10	341
72	9	646
73	5	415
74	1	702
75	5	223
76	10	373
77	10	647
78	2	550
79	6	296
80	5	932
81	6	216
82	10	847
83	8	452
84	4	25
85	7	514
86	8	10
87	5	599
88	4	391
89	10	932
90	2	463
91	3	232
92	2	869
93	3	289
94	7	396
95	6	325
96	3	260
97	7	520
98	7	678
99	8	132
100	6	425
101	1	215
102	10	402
103	6	15
104	5	938
105	5	955
106	2	769
107	2	962
108	1	355
109	8	676
110	3	214
111	6	968
112	10	877
113	1	974
114	5	323
115	7	678
116	9	486
117	4	941
118	9	342
119	1	566
120	2	409
121	7	553
122	10	978
123	3	741
124	3	673
125	4	506
126	9	147
127	7	784
128	7	376
129	8	478
130	7	414
131	7	106
132	9	264
133	3	631
134	8	371
135	2	424
136	8	608
137	8	974
138	3	361
139	7	722
140	10	394
141	7	846
142	9	402
143	7	65
144	8	93
145	3	82
146	7	33
147	4	604
148	8	306
149	4	908
150	6	862
151	1	951
152	6	848
153	9	322
154	2	438
155	3	853
156	2	844
157	1	83
158	4	936
159	2	39
160	8	55
161	5	823
162	6	776
163	6	146
164	4	118
165	9	589
166	3	323
167	3	555
168	1	869
169	3	402
170	6	464
171	5	613
172	5	170
173	2	436
174	5	393
175	4	727
176	7	341
177	3	237
178	5	252
179	3	688
180	7	43
181	1	55
182	10	315
183	2	582
184	10	131
185	3	181
186	8	729
187	6	677
188	7	723
189	2	197
190	9	80
191	6	236
192	7	300
193	8	223
194	5	331
195	9	605
196	1	585
197	1	536
198	4	664
199	3	740
200	2	373
201	9	983
202	5	665
203	10	16
204	6	487
205	10	673
206	6	710
207	4	54
208	3	673
209	7	553
210	3	244
211	4	215
212	1	519
213	4	851
214	6	661
215	7	305
216	8	469
217	3	738
218	6	141
219	1	703
220	9	543
221	5	650
222	9	356
223	6	455
224	3	949
225	9	562
226	10	820
227	7	989
228	1	82
229	8	814
230	5	167
231	6	849
232	3	561
233	9	938
234	4	318
235	1	698
236	10	668
237	8	54
238	3	162
239	3	783
240	10	859
241	6	472
242	2	574
243	4	858
244	4	493
245	1	7
246	8	359
247	7	992
248	10	49
249	2	656
250	1	8
251	2	517
252	3	647
253	10	675
254	9	889
255	7	804
256	7	995
257	3	571
258	9	809
259	6	305
260	10	506
261	7	650
262	1	59
263	5	651
264	9	109
265	6	818
266	2	600
267	7	56
268	6	706
269	1	368
270	10	807
271	5	760
272	9	85
273	9	196
274	2	347
275	3	123
276	6	934
277	10	890
278	4	142
279	4	360
280	6	596
281	10	306
282	1	351
283	5	726
284	4	712
285	5	254
286	8	890
287	6	125
288	9	677
289	10	877
290	7	16
291	4	232
292	1	324
293	6	937
294	4	792
295	8	911
296	5	745
297	8	574
298	6	26
299	9	744
300	1	315
301	7	953
302	1	167
303	3	150
304	9	19
305	6	454
306	7	552
307	10	74
308	4	521
309	3	691
310	10	250
311	1	89
312	4	45
313	9	742
314	5	283
315	1	583
316	7	196
317	3	490
318	4	264
319	6	797
320	9	132
321	7	484
322	4	481
323	6	186
324	10	821
325	10	184
326	10	47
327	1	745
328	1	989
329	4	421
330	9	7
331	1	318
332	5	602
333	5	959
334	3	410
335	4	778
336	6	986
337	5	860
338	2	47
339	2	217
340	1	67
341	4	394
342	5	741
343	9	794
344	9	807
345	2	329
346	1	146
347	2	831
348	5	97
349	9	110
350	9	303
351	2	575
352	7	576
353	4	393
354	6	323
355	7	703
356	8	557
357	4	171
358	10	189
359	8	966
360	8	99
361	2	226
362	1	84
363	8	30
364	6	990
365	8	211
366	2	507
367	2	138
368	5	806
369	8	296
370	3	369
371	4	230
372	6	152
373	4	866
374	7	683
375	8	423
376	3	808
377	4	458
378	8	267
379	7	192
380	9	988
381	9	363
382	4	184
383	4	275
384	5	965
385	6	720
386	4	185
387	9	6
388	5	945
389	7	748
390	9	286
391	8	223
392	7	879
393	8	23
394	9	928
395	8	534
396	6	318
397	1	823
398	7	95
399	4	338
400	2	288
401	3	674
402	5	674
403	1	91
404	7	80
405	5	787
406	6	552
407	6	288
408	7	168
409	3	896
410	5	503
411	6	478
412	4	866
413	7	888
414	7	541
415	9	847
416	1	193
417	8	837
418	10	398
419	2	252
420	1	889
421	1	646
422	2	383
423	2	337
424	5	800
425	2	940
426	5	482
427	1	385
428	1	540
429	6	227
430	10	709
431	5	234
432	10	93
433	4	958
434	1	90
435	8	108
436	5	958
437	1	223
438	9	860
439	10	814
440	6	561
441	10	7
442	10	609
443	5	709
444	9	127
445	9	54
446	9	89
447	8	163
448	9	1000
449	8	260
450	3	985
451	1	479
452	3	124
453	5	711
454	4	694
455	8	839
456	5	568
457	9	786
458	4	678
459	8	358
460	6	698
461	3	987
462	3	318
463	10	747
464	3	729
465	10	927
466	2	784
467	6	235
468	3	178
469	1	969
470	10	549
471	2	788
472	10	41
473	3	411
474	6	530
475	1	511
476	9	903
477	6	76
478	8	454
479	5	549
480	10	755
481	3	418
482	9	200
483	8	160
484	5	385
485	3	15
486	1	206
487	3	930
488	3	642
489	5	675
490	6	795
491	4	539
492	1	643
493	1	779
494	7	874
495	2	606
496	3	240
497	9	837
498	8	87
499	2	476
500	1	330
501	3	783
502	3	191
503	5	370
504	9	790
505	10	203
506	9	215
507	4	512
508	5	477
509	9	777
510	4	207
511	1	624
512	7	783
513	2	163
514	1	440
515	9	427
516	3	907
517	5	482
518	1	323
519	5	259
520	1	960
521	2	792
522	2	415
523	5	673
524	3	674
525	6	646
526	5	828
527	6	529
528	2	122
529	8	269
530	2	479
531	1	985
532	4	497
533	2	9
534	10	508
535	2	284
536	8	971
537	6	804
538	9	681
539	4	423
540	5	992
541	9	966
542	9	158
543	4	604
544	5	786
545	5	395
546	3	709
547	8	617
548	1	753
549	10	407
550	3	401
551	9	461
552	8	179
553	5	401
554	9	871
555	9	972
556	4	831
557	5	105
558	7	549
559	5	826
560	2	501
561	10	31
562	7	397
563	4	307
564	5	3
565	1	511
566	3	902
567	5	629
568	4	545
569	8	745
570	10	844
571	6	458
572	7	41
573	8	680
574	4	172
575	2	806
576	1	576
577	4	707
578	9	595
579	5	926
580	9	869
581	5	924
582	5	956
583	5	802
584	6	799
585	5	297
586	8	40
587	1	569
588	4	515
589	5	880
590	10	866
591	6	610
592	5	351
593	9	329
594	7	206
595	3	115
596	3	190
597	8	587
598	8	320
599	2	388
600	4	386
\.


--
-- TOC entry 4957 (class 0 OID 16726)
-- Dependencies: 224
-- Data for Name: employee; Type: TABLE DATA; Schema: public; Owner: postgres
--

COPY public.employee (employeeid, role, name) FROM stdin;
1	mnt	Itay
2	qa	Gal
3	wrk	Lior
4	lead	Tamar
5	clean	Neta
6	clean	Yoni
7	op	Gal
8	lead	Tal
9	op	Eden
10	op	Itay
11	op	Eden
12	wrk	Maya
13	tech	Sarit
14	wrk	Amit
15	wrk	Avi
16	op	Eli
17	op	Neta
18	op	Gal
19	clean	Itay
20	mnt	Omer
21	qa	Eli
22	wrk	Shai
23	op	Maya
24	op	Omer
25	clean	Sarit
26	mnt	Avi
27	wrk	Yoni
28	qa	Gal
29	clean	Shai
30	tech	Maya
31	op	Sarit
32	lab	Avi
33	tech	Noam
34	qa	Itay
35	wrk	Yael
36	op	Maya
37	lab	Itay
38	op	Amit
39	lead	Yael
40	op	Shai
41	op	Omer
42	mnt	Avi
43	wrk	Amit
44	lab	Yoni
45	op	Shai
46	clean	Lior
47	op	Shai
48	lab	Yael
49	op	Lena
50	mnt	Maya
\.


--
-- TOC entry 4953 (class 0 OID 16653)
-- Dependencies: 220
-- Data for Name: finalproduct_; Type: TABLE DATA; Schema: public; Owner: postgres
--

COPY public.finalproduct_ (quntityofbottle, batchnumber_, winetype_, bottlingdate_, numbottls) FROM stdin;
1.5	1	Syrah	2024-11-01	511
0.5	2	Syrah	2025-04-03	498
1	3	Gamay	2024-09-05	711
1	4	Merlot	2024-07-19	753
0.5	5	Barbera	2024-04-25	205
1	6	Pinot Noir	2024-07-26	266
0.5	7	Barbera	2024-10-25	200
1	8	Riesling	2025-03-09	632
1.5	9	Syrah	2024-11-08	679
1.5	10	Syrah	2025-03-31	316
1	11	Pinot Noir	2024-09-08	185
1	12	Merlot	2024-05-08	650
0.75	13	Malbec	2024-10-14	796
1	14	Merlot	2025-04-06	449
1	15	Gamay	2024-05-08	176
1	16	Dolcetto	2024-05-28	391
0.75	17	Syrah	2025-02-26	785
1	18	Barbera	2025-01-18	574
0.75	19	Malbec	2024-09-01	195
1	20	Malbec	2024-11-27	462
1	21	Gamay	2024-09-29	663
0.75	22	Gamay	2025-04-17	592
1	23	Dolcetto	2024-10-01	688
1.5	24	Gamay	2024-10-10	363
0.75	25	Syrah	2025-03-05	625
1.5	26	Riesling	2025-03-22	719
0.75	27	Dolcetto	2024-05-20	664
0.75	28	Malbec	2024-05-19	293
0.5	29	Gamay	2025-02-07	467
0.75	30	Malbec	2024-09-07	330
1	31	Dolcetto	2025-04-13	384
0.75	32	Merlot	2024-09-20	783
0.5	33	Malbec	2024-06-13	118
1	34	Malbec	2024-11-24	687
0.5	35	Gamay	2024-06-07	438
0.5	36	Merlot	2024-12-03	587
0.75	37	Pinot Noir	2024-12-18	524
1	38	Gamay	2024-10-12	218
0.5	39	Dolcetto	2024-08-01	542
1.5	40	Gamay	2024-12-16	742
0.5	41	Syrah	2025-04-10	332
1.5	42	Syrah	2024-06-28	172
1	43	Malbec	2024-06-07	133
0.75	44	Pinot Noir	2024-11-29	566
1.5	45	Dolcetto	2024-04-26	170
0.75	46	Dolcetto	2024-12-06	385
1.5	47	Barbera	2024-07-12	414
0.5	48	Merlot	2024-10-25	471
1	49	Dolcetto	2024-10-13	401
0.75	50	Barbera	2024-12-23	673
1	51	Gamay	2024-10-03	266
1.5	52	Pinot Noir	2024-06-13	227
0.5	53	Malbec	2025-04-17	271
0.5	54	Riesling	2024-10-05	520
0.75	55	Merlot	2024-10-22	513
0.5	56	Dolcetto	2024-07-24	360
1.5	57	Pinot Noir	2024-06-29	388
0.75	58	Syrah	2024-09-23	684
1	59	Malbec	2024-06-18	393
1	60	Syrah	2024-11-24	635
1.5	61	Dolcetto	2025-01-29	507
0.5	62	Pinot Noir	2025-03-12	513
0.5	63	Riesling	2024-06-13	521
0.75	64	Syrah	2025-03-30	553
0.75	65	Pinot Noir	2024-08-21	600
0.5	66	Barbera	2024-12-25	550
0.5	67	Riesling	2024-12-03	224
0.75	68	Riesling	2024-11-09	240
1	69	Malbec	2024-05-19	454
0.75	70	Malbec	2024-10-27	662
0.5	71	Riesling	2024-05-26	280
1.5	72	Barbera	2024-08-17	716
0.75	73	Riesling	2024-04-29	363
0.5	74	Riesling	2024-07-21	639
0.75	75	Merlot	2024-11-09	555
0.75	76	Barbera	2024-04-25	599
1	77	Dolcetto	2025-04-04	103
0.5	78	Gamay	2024-10-03	275
0.75	79	Merlot	2024-09-17	522
0.75	80	Malbec	2025-04-07	651
1	81	Malbec	2024-06-01	635
0.75	82	Pinot Noir	2024-08-09	194
0.75	83	Pinot Noir	2024-11-25	673
0.75	84	Dolcetto	2025-04-03	414
0.75	85	Dolcetto	2025-01-17	222
0.75	86	Syrah	2025-02-21	268
1.5	87	Riesling	2025-03-19	788
1	88	Malbec	2024-07-27	213
0.75	89	Syrah	2024-08-27	542
0.5	90	Dolcetto	2024-06-03	517
1.5	91	Malbec	2024-11-25	481
0.75	92	Gamay	2025-02-22	174
1	93	Riesling	2024-05-11	311
0.5	94	Gamay	2024-10-14	214
0.5	95	Syrah	2024-06-04	121
0.5	96	Barbera	2024-10-22	377
0.75	97	Barbera	2024-09-01	336
1	98	Merlot	2024-06-05	120
1.5	99	Riesling	2025-04-15	503
1.5	100	Syrah	2024-10-12	124
0.5	101	Dolcetto	2024-06-22	420
1	102	Pinot Noir	2025-01-08	111
0.75	103	Malbec	2024-05-13	462
0.5	104	Riesling	2024-05-17	750
1.5	105	Barbera	2025-01-29	157
1.5	106	Merlot	2024-04-30	173
0.75	107	Syrah	2025-01-31	555
0.5	108	Riesling	2024-07-16	607
0.75	109	Malbec	2024-08-21	408
1	110	Dolcetto	2024-09-11	240
1	111	Pinot Noir	2024-10-11	613
0.5	112	Riesling	2024-08-05	771
1	113	Pinot Noir	2024-11-12	570
0.75	114	Syrah	2025-03-06	764
0.75	115	Dolcetto	2024-07-16	677
1	116	Merlot	2024-09-07	648
1.5	117	Syrah	2024-05-18	329
0.75	118	Syrah	2024-09-28	797
1.5	119	Dolcetto	2024-10-26	343
1	120	Pinot Noir	2025-02-24	153
1	121	Merlot	2024-09-03	252
0.5	122	Barbera	2024-08-11	276
1.5	123	Syrah	2024-08-22	176
1	124	Merlot	2025-03-02	235
1	125	Riesling	2025-02-18	506
0.75	126	Riesling	2024-11-11	457
1	127	Gamay	2024-12-07	613
0.75	128	Gamay	2024-12-03	501
0.75	129	Dolcetto	2025-01-22	111
1	130	Gamay	2024-05-04	497
1.5	131	Merlot	2025-01-30	162
1	132	Pinot Noir	2024-06-23	685
1	133	Pinot Noir	2024-07-10	670
1	134	Barbera	2024-08-30	306
1.5	135	Gamay	2024-07-05	758
1.5	136	Barbera	2024-12-24	611
1.5	137	Malbec	2024-04-29	240
0.75	138	Gamay	2025-03-16	798
1.5	139	Riesling	2024-08-06	202
1	140	Pinot Noir	2024-11-17	680
0.75	141	Pinot Noir	2025-02-23	692
1.5	142	Syrah	2024-12-14	113
0.75	143	Malbec	2025-01-22	335
0.75	144	Barbera	2024-07-29	520
1.5	145	Riesling	2024-08-26	513
1.5	146	Merlot	2024-12-12	603
1.5	147	Merlot	2024-10-28	200
0.75	148	Malbec	2024-10-11	729
0.5	149	Riesling	2024-09-26	511
0.5	150	Riesling	2024-06-07	267
1	151	Syrah	2024-09-27	593
1	152	Malbec	2024-08-05	200
0.75	153	Riesling	2024-05-29	370
0.5	154	Syrah	2024-05-23	547
0.5	155	Merlot	2024-12-13	464
1	156	Pinot Noir	2025-03-10	184
1	157	Pinot Noir	2024-06-02	387
0.75	158	Riesling	2024-07-30	363
1.5	159	Syrah	2025-04-19	268
1.5	160	Dolcetto	2024-12-26	300
0.5	161	Barbera	2024-06-05	301
0.5	162	Riesling	2024-11-21	440
1.5	163	Merlot	2024-05-06	330
0.75	164	Pinot Noir	2024-12-18	699
0.75	165	Barbera	2024-11-18	334
1	166	Malbec	2024-09-19	530
1.5	167	Merlot	2025-02-22	332
0.5	168	Syrah	2024-11-20	472
1.5	169	Barbera	2025-02-03	330
0.5	170	Malbec	2024-07-14	510
0.5	171	Gamay	2025-04-19	134
1.5	172	Gamay	2025-01-06	640
1.5	173	Syrah	2024-10-21	621
1	174	Merlot	2024-05-04	250
0.5	175	Syrah	2024-10-07	629
0.75	176	Pinot Noir	2025-02-25	138
0.75	177	Gamay	2024-06-20	738
0.75	178	Syrah	2024-08-26	724
0.5	179	Dolcetto	2024-09-10	448
1.5	180	Dolcetto	2024-09-09	751
0.75	181	Pinot Noir	2024-08-04	364
0.75	182	Riesling	2024-12-14	726
1	183	Malbec	2024-06-09	120
1	184	Merlot	2025-02-12	225
0.75	185	Merlot	2024-05-09	798
1.5	186	Malbec	2024-05-12	458
1	187	Dolcetto	2024-05-09	568
1	188	Pinot Noir	2025-04-05	209
0.75	189	Syrah	2024-09-06	615
0.75	190	Dolcetto	2024-05-09	221
0.75	191	Barbera	2024-12-20	707
1.5	192	Pinot Noir	2025-03-12	544
0.5	193	Syrah	2024-08-10	250
0.75	194	Syrah	2024-06-24	318
0.75	195	Dolcetto	2025-03-12	657
1.5	196	Merlot	2024-05-23	564
0.5	197	Riesling	2025-02-22	225
1.5	198	Pinot Noir	2024-11-07	340
0.5	199	Barbera	2024-06-26	526
0.5	200	Dolcetto	2025-03-29	513
0.75	201	Dolcetto	2024-08-28	204
0.75	202	Dolcetto	2024-06-20	548
0.5	203	Barbera	2025-01-22	232
1.5	204	Merlot	2025-02-01	205
0.75	205	Pinot Noir	2024-06-19	268
0.75	206	Malbec	2024-07-23	292
0.5	207	Merlot	2025-01-03	679
1.5	208	Dolcetto	2024-10-13	509
0.5	209	Gamay	2024-09-07	391
0.5	210	Pinot Noir	2025-04-11	350
0.75	211	Riesling	2024-10-16	587
1.5	212	Riesling	2025-03-22	773
1.5	213	Merlot	2025-02-04	597
1	214	Dolcetto	2025-01-24	349
1	215	Barbera	2024-09-14	368
1	216	Pinot Noir	2024-11-28	198
1	217	Pinot Noir	2024-06-30	712
1	218	Riesling	2025-03-06	791
0.75	219	Riesling	2024-08-26	754
0.75	220	Malbec	2024-11-01	604
1	221	Gamay	2024-08-04	571
1.5	222	Riesling	2024-11-25	655
0.75	223	Barbera	2024-09-27	445
0.75	224	Dolcetto	2024-07-31	142
1.5	225	Malbec	2024-04-30	587
0.75	226	Merlot	2024-08-20	731
1	227	Dolcetto	2024-12-26	545
1	228	Malbec	2024-09-30	118
1.5	229	Barbera	2025-03-21	784
1.5	230	Merlot	2024-08-05	411
0.5	231	Riesling	2024-07-20	380
1	232	Merlot	2025-03-12	532
0.5	233	Gamay	2024-11-30	276
0.75	234	Riesling	2025-02-04	279
1	235	Dolcetto	2024-11-06	454
1	236	Merlot	2024-07-28	438
0.5	237	Barbera	2024-06-24	700
0.5	238	Merlot	2024-09-25	659
1.5	239	Malbec	2025-02-12	699
1	240	Pinot Noir	2024-04-26	251
0.75	241	Merlot	2024-11-26	669
1	242	Merlot	2024-09-05	297
1	243	Syrah	2024-08-19	140
1.5	244	Barbera	2024-07-05	132
1.5	245	Barbera	2025-03-27	467
1	246	Dolcetto	2025-02-06	433
1.5	247	Merlot	2024-12-23	789
1.5	248	Malbec	2025-01-03	367
1	249	Malbec	2025-02-27	583
1	250	Merlot	2024-11-06	341
0.5	251	Pinot Noir	2024-07-23	440
1.5	252	Dolcetto	2024-04-26	577
0.75	253	Syrah	2024-10-08	703
1.5	254	Dolcetto	2025-01-11	213
1	255	Pinot Noir	2025-03-17	216
1	256	Riesling	2024-10-10	484
0.5	257	Dolcetto	2025-04-15	271
0.5	258	Merlot	2024-06-17	294
0.75	259	Syrah	2025-01-11	789
1.5	260	Syrah	2024-08-08	684
1.5	261	Pinot Noir	2025-04-02	394
1	262	Malbec	2024-04-26	785
1	263	Riesling	2024-09-16	132
1	264	Gamay	2024-07-18	544
0.5	265	Dolcetto	2024-07-25	105
0.75	266	Syrah	2024-11-14	387
0.75	267	Barbera	2025-03-13	392
0.75	268	Barbera	2024-09-17	119
1.5	269	Barbera	2025-02-11	370
0.5	270	Gamay	2024-11-23	761
1.5	271	Malbec	2024-06-30	198
1.5	272	Dolcetto	2024-05-10	105
1.5	273	Syrah	2024-06-21	665
0.5	274	Malbec	2024-11-22	761
0.5	275	Malbec	2024-06-10	250
0.75	276	Riesling	2024-06-18	719
1.5	277	Gamay	2024-07-06	465
0.75	278	Gamay	2024-11-14	539
0.5	279	Riesling	2024-10-26	582
0.5	280	Pinot Noir	2025-03-02	745
1.5	281	Malbec	2025-03-22	263
1	282	Merlot	2025-02-07	549
1	283	Riesling	2024-09-03	633
1	284	Pinot Noir	2024-07-29	477
0.75	285	Dolcetto	2024-09-05	365
0.5	286	Pinot Noir	2024-07-26	285
1	287	Dolcetto	2025-01-03	397
1.5	288	Merlot	2024-09-20	295
0.75	289	Riesling	2024-08-16	342
1	290	Syrah	2025-01-15	683
0.75	291	Gamay	2025-02-23	192
0.75	292	Barbera	2024-11-30	578
0.75	293	Barbera	2024-04-25	697
0.75	294	Dolcetto	2024-07-14	607
0.75	295	Gamay	2024-08-02	102
0.5	296	Malbec	2024-05-27	354
0.5	297	Malbec	2024-10-22	512
1	298	Syrah	2024-05-23	435
1.5	299	Gamay	2024-12-24	483
0.5	300	Gamay	2024-04-22	499
0.5	301	Merlot	2024-11-21	346
1.5	302	Gamay	2024-08-29	274
0.75	303	Barbera	2025-02-19	540
1.5	304	Merlot	2024-10-16	727
1	305	Dolcetto	2024-08-16	323
0.5	306	Riesling	2025-04-06	640
1.5	307	Merlot	2025-03-24	587
1	308	Pinot Noir	2024-07-09	347
0.75	309	Gamay	2025-03-23	215
1	310	Syrah	2024-05-14	350
0.75	311	Barbera	2024-11-09	329
1.5	312	Merlot	2024-10-30	115
0.75	313	Dolcetto	2024-06-27	639
1	314	Gamay	2024-05-30	689
0.5	315	Malbec	2024-10-05	269
1	316	Dolcetto	2024-08-22	388
0.75	317	Merlot	2024-09-03	133
1	318	Gamay	2024-05-05	179
1.5	319	Gamay	2025-02-12	243
1	320	Pinot Noir	2024-09-04	133
1.5	321	Syrah	2024-06-23	564
1	322	Syrah	2024-05-24	239
1.5	323	Barbera	2024-08-07	689
0.5	324	Gamay	2025-01-23	503
0.5	325	Malbec	2025-01-05	572
0.5	326	Gamay	2024-09-04	331
0.75	327	Barbera	2024-09-04	198
1.5	328	Dolcetto	2024-09-20	537
0.5	329	Gamay	2024-07-01	664
1.5	330	Merlot	2025-04-14	431
1	331	Pinot Noir	2024-06-13	724
1	332	Gamay	2024-07-22	663
1	333	Dolcetto	2025-03-21	490
1.5	334	Dolcetto	2025-03-29	695
1	335	Riesling	2025-02-23	369
0.75	336	Pinot Noir	2024-05-30	378
0.75	337	Pinot Noir	2024-12-29	722
1	338	Barbera	2024-10-14	629
1	339	Barbera	2025-02-04	383
1.5	340	Syrah	2025-03-19	120
1	341	Gamay	2025-03-26	107
1.5	342	Syrah	2025-02-13	381
1	343	Merlot	2025-02-04	153
1.5	344	Merlot	2025-03-15	670
1.5	345	Riesling	2025-01-19	637
0.75	346	Gamay	2024-06-23	521
1	347	Pinot Noir	2024-12-21	775
0.75	348	Gamay	2024-04-29	213
1	349	Gamay	2025-02-20	116
0.5	350	Barbera	2024-06-23	504
0.75	351	Malbec	2024-05-06	318
0.5	352	Merlot	2025-02-20	344
1.5	353	Syrah	2025-01-31	444
1.5	354	Dolcetto	2025-02-27	268
0.75	355	Barbera	2025-02-14	302
1.5	356	Barbera	2024-12-17	692
0.75	357	Dolcetto	2024-10-10	534
1	358	Merlot	2024-12-19	571
1.5	359	Dolcetto	2024-11-22	348
0.5	360	Barbera	2024-09-23	126
0.75	361	Dolcetto	2024-10-11	286
1.5	362	Pinot Noir	2025-03-29	701
0.5	363	Malbec	2024-05-07	495
0.75	364	Pinot Noir	2025-01-13	515
0.75	365	Riesling	2024-08-10	436
1.5	366	Syrah	2024-06-14	521
0.75	367	Gamay	2024-05-27	498
1	368	Gamay	2024-08-30	646
1	369	Dolcetto	2025-04-12	357
1.5	370	Syrah	2024-05-15	632
0.75	371	Merlot	2025-03-25	404
1.5	372	Pinot Noir	2024-06-06	385
0.75	373	Gamay	2025-03-19	162
0.5	374	Gamay	2024-07-18	389
1	375	Dolcetto	2024-09-07	434
1.5	376	Merlot	2024-08-11	286
0.5	377	Dolcetto	2024-11-10	736
0.75	378	Pinot Noir	2024-09-18	766
1.5	379	Syrah	2025-04-13	640
0.5	380	Malbec	2025-04-07	695
0.5	381	Merlot	2024-06-02	610
1.5	382	Pinot Noir	2024-10-10	439
1.5	383	Merlot	2024-06-22	588
0.75	384	Pinot Noir	2024-08-03	174
1	385	Malbec	2024-10-12	713
0.5	386	Dolcetto	2025-03-21	237
0.5	387	Merlot	2024-05-14	280
1	388	Dolcetto	2024-12-03	405
0.5	389	Barbera	2024-06-12	482
0.75	390	Syrah	2024-11-19	365
0.75	391	Dolcetto	2024-11-16	458
0.75	392	Gamay	2024-11-07	248
0.5	393	Pinot Noir	2024-11-22	291
1.5	394	Riesling	2024-06-17	705
1.5	395	Gamay	2024-09-11	122
0.5	396	Barbera	2024-12-01	118
1	397	Barbera	2024-09-29	523
0.75	398	Pinot Noir	2024-12-20	576
0.75	399	Barbera	2025-01-07	578
0.5	400	Barbera	2024-12-11	173
1.5	401	Barbera	2024-08-30	200
1.5	402	Riesling	2025-01-31	593
0.75	403	Syrah	2024-09-14	663
0.75	404	Malbec	2025-02-16	668
1	405	Dolcetto	2024-11-23	692
1	406	Dolcetto	2025-03-15	449
0.75	407	Dolcetto	2025-04-19	165
0.5	408	Riesling	2024-10-12	372
1.5	409	Malbec	2025-04-19	713
0.75	410	Riesling	2024-08-14	158
1	411	Dolcetto	2024-08-16	627
1	412	Gamay	2025-04-15	596
1	413	Merlot	2024-06-05	416
1	414	Riesling	2025-01-04	442
1	415	Pinot Noir	2024-04-28	157
1	416	Gamay	2025-02-28	456
0.5	417	Malbec	2025-02-27	157
0.75	418	Riesling	2024-08-13	204
0.5	419	Pinot Noir	2024-10-31	111
0.5	420	Gamay	2024-07-27	145
0.5	421	Syrah	2024-08-29	533
1	422	Pinot Noir	2024-05-18	471
1.5	423	Pinot Noir	2024-10-18	595
1	424	Gamay	2025-02-25	525
0.5	425	Barbera	2024-12-18	203
1.5	426	Barbera	2024-05-26	277
1.5	427	Dolcetto	2024-11-20	624
1	428	Barbera	2024-04-21	192
0.75	429	Malbec	2024-06-12	363
1	430	Malbec	2024-05-07	332
1.5	431	Riesling	2024-05-26	427
1.5	432	Merlot	2024-05-07	193
0.5	433	Riesling	2024-11-22	361
0.75	434	Malbec	2024-06-07	552
0.5	435	Syrah	2024-05-30	753
1	436	Barbera	2025-04-05	175
1	437	Syrah	2025-01-04	450
1.5	438	Barbera	2024-06-10	287
1.5	439	Merlot	2025-01-24	169
0.75	440	Dolcetto	2024-09-29	722
1.5	441	Merlot	2025-04-12	562
1.5	442	Riesling	2024-06-17	226
0.5	443	Merlot	2024-10-14	264
1	444	Riesling	2024-06-01	130
1	445	Riesling	2025-03-25	638
0.5	446	Malbec	2025-04-14	726
0.75	447	Riesling	2024-07-31	408
1	448	Barbera	2024-09-19	765
0.75	449	Barbera	2024-08-04	447
0.75	450	Malbec	2025-01-23	764
1.5	451	Merlot	2025-03-29	274
1	452	Pinot Noir	2025-01-12	410
0.75	453	Barbera	2025-02-12	109
1	454	Malbec	2025-03-28	472
0.5	455	Malbec	2024-09-22	482
0.5	456	Gamay	2024-07-20	391
1.5	457	Merlot	2024-08-15	666
1.5	458	Riesling	2025-02-24	772
0.5	459	Pinot Noir	2024-06-30	749
0.5	460	Merlot	2024-04-28	100
1	461	Syrah	2024-07-02	749
1.5	462	Gamay	2025-03-02	249
1.5	463	Pinot Noir	2025-04-16	148
0.5	464	Pinot Noir	2024-10-01	688
1	465	Riesling	2025-04-10	585
0.5	466	Malbec	2024-11-20	549
0.75	467	Merlot	2025-02-05	755
0.75	468	Syrah	2024-07-28	488
1	469	Barbera	2024-07-30	591
1	470	Syrah	2024-05-05	753
0.5	471	Syrah	2024-06-26	243
0.5	472	Riesling	2024-11-22	200
0.5	473	Barbera	2024-11-06	238
1	474	Syrah	2025-03-25	366
0.5	475	Barbera	2024-07-18	309
1.5	476	Gamay	2024-08-25	672
0.5	477	Syrah	2024-11-09	625
0.5	478	Riesling	2024-05-05	531
0.75	479	Syrah	2024-10-16	573
0.5	480	Dolcetto	2025-04-17	316
0.5	481	Syrah	2024-10-20	690
1.5	482	Malbec	2024-08-15	682
0.5	483	Barbera	2025-04-13	388
0.75	484	Malbec	2024-11-18	647
0.5	485	Syrah	2024-09-13	454
1	486	Dolcetto	2024-05-27	305
0.5	487	Dolcetto	2024-12-24	145
0.5	488	Merlot	2025-02-23	107
0.5	489	Gamay	2024-04-24	697
1	490	Syrah	2025-03-12	795
1	491	Malbec	2025-02-19	381
1.5	492	Gamay	2025-01-03	226
0.75	493	Malbec	2024-08-05	727
0.75	494	Syrah	2024-07-04	268
0.75	495	Riesling	2024-09-27	224
0.5	496	Syrah	2025-01-05	331
0.75	497	Pinot Noir	2025-01-03	724
0.75	498	Syrah	2024-12-10	547
1.5	499	Pinot Noir	2024-10-29	227
0.5	500	Riesling	2024-12-23	571
0.75	501	Syrah	2025-01-06	435
0.75	502	Dolcetto	2024-05-01	333
1	503	Dolcetto	2024-10-15	489
1	504	Dolcetto	2025-03-04	757
0.75	505	Malbec	2025-01-23	636
1	506	Dolcetto	2024-08-20	103
0.5	507	Merlot	2025-04-05	309
0.75	508	Merlot	2024-05-30	193
1	509	Merlot	2024-07-21	436
1	510	Syrah	2024-11-11	279
1	511	Riesling	2024-09-27	547
0.5	512	Riesling	2024-10-26	427
1.5	513	Riesling	2024-04-30	202
1.5	514	Pinot Noir	2025-03-29	733
1	515	Pinot Noir	2025-03-28	544
0.5	516	Malbec	2024-10-17	405
0.75	517	Dolcetto	2024-05-25	584
0.75	518	Barbera	2024-05-18	519
0.75	519	Syrah	2024-12-06	402
1	520	Barbera	2025-03-13	293
1.5	521	Pinot Noir	2024-06-18	244
1	522	Barbera	2024-09-01	629
1.5	523	Malbec	2025-04-11	235
1	524	Pinot Noir	2025-02-09	255
0.75	525	Malbec	2024-11-02	615
0.5	526	Merlot	2025-01-22	384
0.75	527	Syrah	2025-04-19	628
1.5	528	Pinot Noir	2025-02-09	439
1	529	Merlot	2024-10-17	245
1	530	Barbera	2025-04-14	734
0.5	531	Barbera	2024-07-11	381
0.75	532	Dolcetto	2024-12-14	329
0.5	533	Pinot Noir	2024-09-06	113
0.5	534	Malbec	2024-08-18	730
0.5	535	Pinot Noir	2024-06-21	741
0.5	536	Pinot Noir	2024-05-11	244
1	537	Dolcetto	2024-11-25	699
0.5	538	Gamay	2025-02-15	393
0.75	539	Barbera	2024-08-22	268
0.5	540	Pinot Noir	2024-06-10	136
1.5	541	Barbera	2024-05-23	506
0.75	542	Gamay	2024-10-31	252
0.5	543	Syrah	2025-04-09	500
0.5	544	Pinot Noir	2025-04-13	394
1	545	Gamay	2024-05-06	406
0.75	546	Dolcetto	2024-07-17	483
1.5	547	Merlot	2024-07-25	669
0.5	548	Syrah	2024-07-06	635
0.75	549	Pinot Noir	2024-10-12	254
0.5	550	Riesling	2025-03-13	162
0.5	551	Malbec	2024-04-22	713
0.75	552	Malbec	2025-01-14	668
1.5	553	Riesling	2024-04-25	202
1.5	554	Barbera	2024-12-16	160
0.75	555	Barbera	2024-06-12	293
0.5	556	Barbera	2024-12-03	511
0.75	557	Barbera	2025-04-05	392
0.75	558	Pinot Noir	2024-06-10	736
0.5	559	Riesling	2024-05-21	352
0.5	560	Gamay	2024-11-05	470
0.75	561	Dolcetto	2024-12-25	636
0.5	562	Syrah	2025-01-17	296
0.5	563	Dolcetto	2024-12-15	776
1.5	564	Gamay	2024-11-22	349
0.75	565	Dolcetto	2025-02-25	680
1	566	Dolcetto	2024-04-24	264
1.5	567	Dolcetto	2025-02-18	222
1.5	568	Dolcetto	2024-09-17	749
1	569	Pinot Noir	2025-03-10	757
0.5	570	Riesling	2025-01-17	240
1.5	571	Pinot Noir	2024-07-26	232
0.75	572	Syrah	2024-05-26	791
1	573	Dolcetto	2025-01-09	323
0.75	574	Pinot Noir	2025-02-05	311
0.75	575	Syrah	2024-09-07	238
1.5	576	Barbera	2024-10-20	414
1.5	577	Merlot	2024-08-06	229
0.5	578	Riesling	2024-10-15	157
1	579	Barbera	2024-10-31	505
1.5	580	Merlot	2025-01-09	244
1.5	581	Pinot Noir	2024-12-30	700
1	582	Merlot	2024-10-24	319
0.75	583	Malbec	2024-05-22	749
0.5	584	Merlot	2024-11-04	672
1	585	Pinot Noir	2024-12-22	591
1	586	Merlot	2025-03-01	532
0.5	587	Merlot	2024-05-19	543
0.5	588	Malbec	2025-01-19	533
1	589	Barbera	2024-10-30	361
1	590	Riesling	2024-09-19	703
0.75	591	Malbec	2024-07-16	301
0.5	592	Dolcetto	2024-06-08	365
1	593	Malbec	2024-10-17	215
0.75	594	Barbera	2024-10-11	303
0.5	595	Syrah	2024-12-25	158
0.75	596	Barbera	2024-09-07	180
1.5	597	Riesling	2025-04-20	140
0.5	598	Merlot	2025-03-11	363
1.5	599	Gamay	2024-09-04	419
0.5	600	Pinot Noir	2024-05-12	798
\.


--
-- TOC entry 4950 (class 0 OID 16558)
-- Dependencies: 217
-- Data for Name: grapes; Type: TABLE DATA; Schema: public; Owner: postgres
--

COPY public.grapes (grapeid, variety, harvestdate_) FROM stdin;
1	3369	2025-03-12
2	9472	2024-10-02
3	6932	2025-01-20
4	3848	2025-02-26
5	1349	2024-12-13
6	2116	2024-05-31
7	9836	2024-07-26
8	9662	2024-04-23
9	5429	2024-11-08
10	5885	2024-10-31
\.


--
-- TOC entry 4951 (class 0 OID 16563)
-- Dependencies: 218
-- Data for Name: materials_; Type: TABLE DATA; Schema: public; Owner: postgres
--

COPY public.materials_ (materialid_, name_, supplierid_, quantityavailable_) FROM stdin;
1	bottle\t	981402913	807.19
2	cork\t	208634251	729.72
3	label\t	572814245	119.41
4	cleaner\t	829758960	517.17
5	rinse\t	361346674	295.1
6	yeast	880133468	83.32
7	sorbate\t	974486834	522.04
8	acid	953896930	384.76
9	filter	144301605	29.71
10	gloves	987389467	397.44
\.


--
-- TOC entry 4959 (class 0 OID 16742)
-- Dependencies: 226
-- Data for Name: process_equipment; Type: TABLE DATA; Schema: public; Owner: postgres
--

COPY public.process_equipment (equipmentid_, processid_) FROM stdin;
21	202
18	31
36	89
23	233
5	341
5	270
22	53
10	400
18	369
4	107
15	393
1	17
26	150
36	287
21	70
1	147
13	220
33	39
33	275
36	56
8	71
1	315
3	359
21	40
39	205
12	151
39	341
21	339
24	183
26	374
16	377
17	299
31	284
16	396
23	223
28	323
28	215
4	12
14	88
4	185
37	388
6	249
13	145
39	342
21	367
6	253
6	389
35	220
8	11
22	393
30	261
40	26
34	159
4	315
2	239
17	104
18	348
29	168
35	312
2	340
19	15
29	288
1	112
37	182
11	352
28	80
1	345
7	151
15	148
5	30
30	47
22	59
31	209
40	133
6	343
25	385
40	324
8	392
22	79
15	277
40	212
36	134
33	233
18	376
10	343
14	319
5	164
16	73
27	155
5	225
40	43
31	245
26	299
38	15
34	385
5	135
1	164
38	100
37	159
25	358
14	72
33	294
1	314
23	141
28	164
32	177
11	111
22	199
6	286
28	47
20	282
29	180
11	92
26	174
36	85
30	84
10	173
13	121
13	366
11	194
7	18
23	109
30	358
12	18
7	107
30	330
30	323
7	231
5	326
18	127
35	23
10	189
33	7
9	263
38	385
26	46
28	267
32	327
39	51
14	352
32	381
22	305
12	375
8	197
16	7
30	77
19	236
32	394
37	29
10	371
5	171
30	179
14	250
12	144
37	382
33	212
20	108
33	319
6	107
1	78
7	82
20	219
11	49
32	66
10	17
26	131
6	180
16	305
5	252
10	331
31	300
7	164
40	65
32	395
16	334
2	59
13	15
18	315
33	46
36	183
39	49
26	260
6	372
1	335
37	321
7	156
38	43
39	303
37	289
22	12
35	260
1	323
16	186
10	351
34	143
36	130
36	244
19	341
26	78
24	1
38	94
33	246
4	137
34	329
37	396
28	129
10	289
20	136
11	36
20	126
28	303
8	96
10	288
34	269
12	378
4	318
22	138
11	358
7	217
35	193
37	32
3	272
8	88
26	90
15	30
25	318
33	215
23	391
22	169
28	291
39	48
31	398
23	305
25	178
11	367
22	85
20	28
12	183
2	37
29	212
22	120
5	28
21	400
37	49
27	353
12	172
32	80
29	202
16	250
28	93
15	243
38	276
39	236
1	397
35	97
6	268
18	1
23	56
32	316
31	290
16	146
27	109
14	207
36	45
31	279
10	231
2	352
4	183
20	66
38	50
15	307
3	151
28	125
8	335
32	69
18	34
32	297
24	274
26	58
39	232
13	10
10	156
30	286
20	322
31	258
8	176
28	236
5	245
39	234
17	237
12	208
16	107
9	280
24	380
9	307
37	36
24	288
10	175
36	254
5	52
26	82
14	194
6	338
28	10
28	130
27	65
4	265
27	227
37	371
32	204
38	152
8	182
33	102
39	130
2	78
8	165
10	102
33	241
18	196
1	81
17	375
13	31
13	232
8	302
19	35
13	70
22	77
11	6
17	258
25	292
4	83
2	357
27	204
7	71
21	35
26	16
33	207
33	217
14	224
7	297
10	386
25	153
17	388
24	353
39	163
23	207
15	97
38	89
10	66
17	115
9	376
31	19
13	206
24	315
19	107
10	87
34	123
38	211
33	56
10	240
40	218
35	314
20	133
15	186
36	11
13	358
34	82
28	124
31	233
37	130
13	23
20	22
20	364
29	228
32	337
11	135
4	152
8	203
27	49
2	381
10	236
7	86
24	56
10	40
29	123
17	75
20	257
29	241
37	184
28	112
9	258
34	394
8	206
30	383
19	378
34	190
31	66
12	33
30	304
29	198
28	92
40	77
25	27
4	234
15	183
37	235
12	311
38	261
1	103
34	181
18	234
13	348
32	128
26	49
19	380
14	356
38	79
17	43
3	143
35	147
14	304
14	331
18	190
36	345
4	39
27	317
12	145
12	129
6	33
26	189
15	176
37	230
38	206
2	308
19	222
17	123
7	240
31	309
18	336
22	118
8	363
14	179
35	219
37	61
14	158
5	260
22	351
14	285
29	154
20	369
33	81
17	327
17	44
23	243
6	174
13	172
30	187
1	41
24	41
27	189
15	297
24	47
21	24
25	189
2	379
7	228
28	254
18	238
28	210
14	132
16	32
3	119
28	72
19	104
22	191
1	232
35	389
39	318
32	59
6	153
18	239
19	391
36	69
3	324
30	390
5	63
16	157
14	166
30	207
28	224
36	80
27	12
34	271
32	84
17	254
34	240
39	168
31	11
36	120
20	384
23	338
32	57
14	3
33	175
18	29
10	315
16	75
35	211
11	52
15	273
25	396
18	320
11	226
17	55
36	378
35	119
38	330
18	284
8	385
39	350
28	279
31	232
19	144
5	238
6	342
36	250
17	231
12	242
16	251
17	294
21	178
21	198
21	174
9	287
11	200
27	362
36	23
14	144
2	344
28	54
4	384
8	390
35	264
16	116
3	369
4	202
36	174
17	89
34	66
25	155
28	149
37	183
20	395
7	246
19	266
1	231
35	235
18	160
25	341
7	208
37	245
25	293
35	307
12	289
23	10
7	274
15	385
35	73
36	20
37	249
31	212
12	22
25	281
30	131
6	12
14	385
4	59
13	29
16	97
37	210
32	305
10	228
14	270
5	376
40	277
28	208
19	345
40	233
22	109
4	136
15	296
17	366
24	271
30	329
9	327
4	294
19	248
35	357
37	158
3	397
20	200
35	139
37	65
27	278
11	124
2	125
7	234
13	323
1	122
9	121
23	151
15	256
35	198
25	11
11	337
20	152
32	338
9	128
31	23
11	343
32	379
35	356
27	200
26	306
40	226
32	249
25	360
16	196
32	7
25	133
29	389
33	153
24	26
24	202
21	306
14	139
13	100
11	334
31	49
9	28
33	156
25	121
26	56
36	9
22	29
36	138
13	364
4	197
33	186
14	286
29	30
18	208
39	327
19	240
19	180
25	336
39	20
23	41
7	161
2	235
4	84
25	55
10	328
37	313
7	77
14	113
4	212
26	339
4	264
12	381
31	365
36	109
6	344
20	99
25	398
13	228
16	312
9	82
3	116
15	9
38	130
27	241
16	399
3	296
15	191
30	23
14	83
9	25
5	102
2	79
6	159
30	198
36	266
25	236
29	117
4	352
27	377
23	55
8	139
33	281
35	255
14	90
3	367
33	21
29	116
30	107
26	356
12	100
9	99
24	220
18	79
4	191
22	310
1	268
12	3
40	69
4	45
25	33
7	222
20	189
31	308
14	87
37	216
10	31
28	397
24	341
36	74
29	94
7	38
11	3
5	11
19	127
8	186
16	171
36	26
28	263
40	200
38	172
40	301
7	35
29	178
11	363
5	295
21	253
7	196
16	363
9	70
27	222
11	182
5	133
10	77
14	129
13	327
14	203
35	92
32	247
10	339
8	386
15	92
9	255
1	235
4	80
20	229
25	339
12	245
9	1
27	55
24	141
10	170
9	368
12	373
5	72
28	299
21	199
5	142
5	370
3	10
39	31
20	14
20	54
2	38
18	47
7	172
17	278
34	399
23	383
36	171
36	370
22	336
12	200
3	314
25	57
18	274
20	177
32	269
40	156
38	278
36	331
38	160
21	289
22	58
4	93
26	393
27	375
9	326
18	35
18	301
23	5
10	61
36	356
17	280
40	337
14	333
5	256
3	239
21	226
29	190
10	116
19	29
17	34
2	50
12	30
15	293
5	330
23	187
11	66
28	43
32	217
26	320
36	297
26	297
19	300
18	192
4	393
38	59
33	109
17	196
38	32
4	229
19	304
37	149
17	395
18	294
35	85
24	258
10	185
33	237
9	298
31	318
12	67
33	184
24	338
34	280
22	181
17	192
36	224
19	114
36	381
20	223
3	232
19	305
2	345
35	341
21	144
21	348
36	352
33	91
34	276
28	127
5	233
12	156
19	80
9	159
27	98
35	295
10	98
4	251
13	252
23	186
38	273
30	393
22	371
3	85
24	79
38	372
9	345
20	164
8	111
20	263
32	151
39	287
15	254
6	59
29	71
31	196
13	279
31	114
20	64
5	150
34	374
13	149
16	21
7	327
7	97
35	146
30	140
14	330
32	107
23	280
37	45
9	117
16	285
1	283
5	399
27	64
23	327
24	106
13	21
40	222
23	176
15	224
15	20
39	133
36	365
36	93
32	203
36	233
36	384
40	374
1	249
7	272
39	260
18	199
10	89
34	120
7	176
6	150
35	5
18	128
4	23
22	388
11	210
16	235
38	394
30	13
38	316
17	167
40	67
1	327
5	241
36	315
22	370
16	231
14	398
35	176
14	339
10	182
26	244
40	184
23	167
12	275
33	269
7	139
3	260
26	110
35	106
16	382
25	80
19	330
5	194
32	330
15	187
17	16
29	346
40	244
9	142
40	335
25	276
37	377
29	295
28	313
23	333
2	83
24	131
32	5
31	264
32	86
22	229
30	95
22	47
20	261
23	26
17	198
6	86
35	315
9	102
19	322
34	28
32	52
14	16
\.


--
-- TOC entry 4955 (class 0 OID 16693)
-- Dependencies: 222
-- Data for Name: process_materials; Type: TABLE DATA; Schema: public; Owner: postgres
--

COPY public.process_materials (usageamount, processid_, materialid_) FROM stdin;
77	226	2
75	368	9
34	171	4
15	235	6
26	295	3
7	10	5
91	53	6
43	361	10
12	188	6
14	342	5
56	145	5
20	167	9
85	92	6
83	396	10
50	159	7
85	353	2
30	149	4
44	99	5
31	151	5
59	137	2
61	174	9
59	102	8
53	192	10
34	239	3
31	288	10
21	181	9
98	348	3
75	346	7
50	109	7
22	303	3
6	352	1
89	261	9
28	292	2
97	44	3
56	280	1
20	242	2
9	3	9
79	288	4
35	204	6
93	166	10
38	290	5
4	116	9
50	166	4
19	246	4
82	190	9
46	156	1
92	331	1
45	39	1
18	259	5
74	360	10
23	379	9
41	218	8
25	307	6
88	180	1
58	97	7
15	41	1
14	301	9
21	370	3
2	121	1
27	301	7
36	289	10
71	26	3
100	28	2
67	79	10
25	180	7
15	33	9
56	235	5
66	62	9
31	30	3
22	388	6
47	165	7
7	149	6
99	308	5
19	32	9
66	45	6
29	143	9
84	332	8
81	62	7
41	329	2
66	160	4
54	284	2
28	249	9
96	170	7
18	390	10
37	210	3
86	283	1
50	83	6
57	156	10
12	215	7
88	393	3
41	61	3
9	254	5
3	373	6
30	30	2
73	9	5
4	67	7
67	230	10
52	82	4
37	398	5
21	269	6
93	231	7
75	324	10
100	269	8
61	380	5
54	353	8
61	339	4
28	174	3
100	194	3
100	96	1
58	374	8
80	25	1
23	207	2
79	173	1
35	148	1
63	342	4
71	277	10
28	52	3
45	42	4
29	383	9
12	113	6
14	256	8
76	371	2
31	199	1
9	276	8
75	73	2
37	391	10
70	374	6
90	334	6
77	367	10
80	343	3
69	74	5
53	242	6
64	168	2
38	304	5
47	298	7
1	297	9
59	217	2
72	321	4
77	6	4
26	158	9
33	232	5
52	213	8
1	144	7
67	386	3
54	95	1
57	191	3
45	85	3
2	6	3
97	290	4
26	344	7
31	137	6
17	260	6
8	210	6
84	238	8
37	336	4
96	224	8
58	395	8
74	46	10
91	339	5
35	21	10
15	339	8
96	196	10
5	34	8
16	25	7
64	318	2
64	293	6
99	193	3
98	122	6
63	108	10
83	215	9
62	95	10
79	60	5
5	228	2
38	172	7
84	262	5
78	314	2
20	41	2
47	39	10
98	233	5
39	144	8
11	182	5
60	253	5
74	165	4
45	268	2
86	294	3
22	271	2
92	368	1
73	235	10
19	302	6
50	255	8
57	167	7
6	141	4
95	231	6
10	297	1
78	285	10
60	367	5
32	211	8
71	339	9
83	203	8
38	61	7
38	268	6
18	281	3
44	272	6
18	328	9
51	239	8
93	33	3
45	305	7
50	61	4
52	362	8
38	341	5
90	317	8
58	140	10
97	102	5
50	37	7
25	294	4
91	37	6
82	280	8
38	239	6
66	253	8
76	85	4
21	307	10
29	126	7
9	262	10
36	33	5
30	377	10
66	141	6
10	338	9
4	127	3
41	120	4
2	292	7
4	221	6
98	212	9
30	11	10
33	152	1
92	7	9
87	143	7
63	383	7
5	242	5
38	226	5
82	29	10
93	32	1
18	262	4
33	154	5
24	391	5
28	31	2
80	44	4
83	259	8
76	375	3
72	151	9
44	232	1
5	290	9
85	397	10
68	129	5
95	81	5
95	366	5
100	336	2
87	223	9
64	16	10
38	287	7
96	354	1
45	257	2
39	66	8
21	324	3
74	207	7
34	147	10
10	223	7
100	260	3
68	274	10
82	3	8
15	255	1
39	140	5
56	326	4
33	37	9
49	278	2
16	322	5
49	26	4
30	351	5
59	379	5
51	295	10
9	257	5
81	172	3
92	203	9
96	166	5
100	111	4
85	254	2
73	279	10
93	284	8
28	250	1
79	86	6
36	296	8
79	147	3
69	266	10
19	146	2
76	130	9
99	165	8
2	240	8
8	330	9
51	107	1
84	29	1
32	328	6
57	65	3
86	13	7
13	106	9
53	123	10
53	172	6
1	386	8
11	233	7
38	219	10
14	127	7
89	304	4
14	324	7
25	212	5
98	231	5
1	327	9
22	157	10
48	40	5
49	393	9
19	130	6
73	217	4
50	257	10
99	163	3
17	104	10
37	84	5
60	155	6
2	260	5
71	262	6
62	128	5
4	137	10
73	139	7
29	233	3
19	55	1
52	230	9
26	381	4
54	171	8
40	226	8
60	154	8
88	55	7
10	303	8
45	133	3
41	254	3
11	236	9
42	25	2
35	376	9
91	264	7
72	183	10
1	356	5
59	304	3
39	174	1
54	115	6
94	314	4
15	37	3
33	161	2
68	54	5
64	277	9
47	162	4
61	158	1
53	288	2
41	287	10
54	125	2
37	183	6
6	342	2
77	91	10
57	256	5
1	78	7
33	328	10
18	295	1
1	139	5
66	359	1
87	301	1
65	341	8
28	298	4
15	400	3
17	366	6
72	218	9
18	214	10
66	112	4
5	116	5
44	75	9
47	239	9
56	224	3
70	367	3
43	115	9
73	347	1
79	127	6
38	283	8
16	118	10
15	222	1
95	372	1
98	52	8
12	357	1
1	187	1
7	75	4
82	370	8
56	43	6
80	372	5
2	318	5
34	345	10
80	224	4
95	311	5
77	340	7
\.


--
-- TOC entry 4956 (class 0 OID 16708)
-- Dependencies: 223
-- Data for Name: processcontainers; Type: TABLE DATA; Schema: public; Owner: postgres
--

COPY public.processcontainers (containerid_, processid_) FROM stdin;
370	215
226	302
176	5
137	370
52	287
323	316
399	200
378	211
340	251
290	343
389	219
218	2
366	314
124	125
82	373
51	332
246	298
12	146
104	140
136	369
117	272
93	130
253	141
377	190
141	212
103	215
339	88
306	349
394	63
105	392
54	334
135	20
90	296
252	329
2	83
249	391
122	243
254	17
139	234
322	220
245	233
351	301
130	379
95	223
158	218
317	120
341	363
310	392
58	50
39	69
382	41
325	148
97	341
208	255
399	150
278	368
99	352
37	84
6	30
93	239
32	123
210	58
257	142
338	4
203	327
174	147
41	68
66	158
317	194
88	76
300	352
191	67
265	265
68	112
274	277
347	269
84	379
320	164
306	285
386	50
52	118
259	73
127	135
54	358
380	262
282	311
351	275
161	110
382	171
317	95
296	4
351	315
336	340
229	7
398	143
382	132
171	267
281	207
236	143
95	258
161	302
342	198
394	230
147	164
65	337
396	46
72	162
109	219
35	212
205	36
394	366
136	76
118	348
237	311
376	336
18	116
52	1
175	14
66	21
342	352
164	135
269	15
241	378
62	47
198	15
267	287
352	115
358	160
209	239
240	223
42	162
397	47
251	48
211	125
146	18
89	138
86	301
94	393
96	128
127	361
121	63
294	212
96	151
392	67
15	34
279	35
334	249
316	174
315	2
337	345
385	7
1	214
97	228
67	76
6	77
279	179
369	40
333	375
139	132
310	150
132	360
149	324
147	330
228	345
155	304
113	268
364	31
390	276
396	71
203	246
79	329
219	36
300	111
275	324
394	155
61	176
261	82
304	364
348	80
107	96
316	239
18	155
17	106
278	108
365	289
188	311
180	378
342	26
157	268
131	228
398	343
361	53
116	225
178	31
274	157
254	220
250	76
129	204
2	96
353	335
398	248
26	12
222	226
182	116
65	237
21	226
387	393
296	72
108	157
167	272
191	7
389	340
299	23
118	242
393	110
48	148
46	304
11	311
313	209
70	261
43	124
184	260
394	8
100	308
279	315
107	128
53	97
164	341
342	51
387	198
252	354
266	48
363	209
166	358
363	85
263	169
54	260
209	341
36	110
293	378
270	49
54	185
257	277
85	102
36	19
114	150
277	152
180	215
89	256
375	32
44	31
392	293
388	273
183	342
263	188
10	375
355	300
334	1
302	297
262	283
388	379
136	261
363	283
271	277
26	54
317	112
389	368
52	262
322	21
159	344
273	211
133	74
381	299
237	138
207	389
370	222
69	203
76	111
263	92
299	387
211	47
330	147
279	369
265	212
20	312
212	1
372	384
157	108
46	254
185	229
76	237
345	322
336	209
161	291
382	381
219	93
121	142
92	346
36	279
68	20
185	305
139	84
57	179
105	100
264	145
185	221
37	171
50	316
61	229
83	167
396	299
130	74
285	75
321	183
60	132
396	368
285	230
17	309
397	334
22	375
313	85
95	86
109	168
369	81
96	62
103	359
157	284
105	183
240	129
148	19
325	157
380	64
270	297
320	254
346	154
347	182
68	274
305	250
323	293
112	394
167	260
320	81
138	35
67	101
204	363
312	309
316	58
312	28
7	326
163	98
183	202
192	245
242	320
109	138
129	189
188	306
108	97
245	226
358	257
317	60
386	395
191	287
169	371
222	338
7	2
306	135
399	191
324	339
268	53
255	355
139	144
85	235
232	193
163	268
240	292
93	139
268	306
17	165
348	216
51	160
237	123
238	277
146	292
364	25
32	144
189	252
303	271
160	226
175	188
367	234
103	263
324	155
363	357
142	372
212	162
71	315
182	280
274	175
266	342
190	247
213	62
112	373
89	357
111	94
200	171
288	195
122	349
377	250
384	388
137	106
305	116
167	56
126	241
310	390
192	382
388	165
38	281
391	247
308	190
297	221
117	349
202	22
140	56
287	254
95	72
62	29
86	74
31	94
45	147
19	10
376	14
112	332
348	146
81	153
378	214
249	96
399	236
149	136
126	133
342	217
305	47
325	91
285	266
132	269
38	280
12	240
251	157
168	374
63	315
221	59
184	245
49	283
169	298
396	292
400	112
288	119
246	95
346	317
163	205
50	42
22	82
232	258
114	175
341	375
241	382
250	40
280	208
180	229
315	388
29	230
157	223
270	241
68	109
43	22
228	195
241	165
351	283
30	103
328	379
265	365
244	44
50	359
98	324
3	296
194	45
8	291
23	72
144	132
192	147
311	109
274	358
368	284
143	34
377	109
197	217
286	36
59	232
317	90
270	308
167	25
67	149
208	252
112	167
58	78
230	72
54	112
260	48
276	235
288	40
58	345
274	325
271	84
326	398
328	100
273	43
301	146
373	163
195	26
130	352
377	360
267	283
309	389
137	278
212	98
3	345
158	213
281	102
75	212
292	67
101	195
331	329
247	179
297	400
391	176
206	87
48	398
317	365
174	6
2	232
363	163
346	126
96	60
354	162
231	282
46	225
380	353
238	190
379	314
317	122
270	178
352	306
16	347
114	76
205	4
75	116
228	123
16	94
295	379
286	248
248	131
354	261
373	7
375	7
75	361
143	304
119	331
330	293
49	314
388	107
19	58
150	308
196	94
334	120
168	340
55	22
70	338
195	334
62	27
191	334
119	173
277	56
8	107
224	1
272	209
301	215
38	220
316	247
189	398
129	90
55	247
309	67
200	154
333	107
312	120
223	292
85	117
244	400
160	180
295	339
272	251
2	177
274	118
255	375
391	140
314	394
307	318
153	168
2	28
52	294
197	92
274	375
396	64
322	261
353	320
43	107
80	398
321	389
275	142
161	340
214	326
262	330
257	338
308	131
366	159
164	1
52	48
153	359
257	221
347	259
21	302
362	14
54	264
19	60
17	162
36	147
22	351
208	311
368	227
192	360
177	28
113	165
388	80
92	328
108	306
33	26
55	86
53	50
221	54
158	245
92	116
274	197
264	272
107	149
189	234
377	245
129	125
318	300
119	306
4	38
232	326
130	12
320	104
331	276
72	56
286	158
151	31
36	390
127	395
152	69
378	52
297	169
340	365
97	385
70	314
34	282
311	171
121	12
77	177
115	200
76	235
23	125
334	303
128	155
259	81
115	239
66	42
175	334
265	216
110	117
283	76
170	19
345	152
288	203
49	171
356	349
15	189
6	316
377	396
187	270
192	185
246	301
257	349
276	289
97	231
348	259
332	351
68	166
328	145
170	307
228	233
67	254
150	42
252	1
195	99
207	47
176	368
81	384
215	305
249	286
311	228
391	203
334	221
243	338
321	196
285	88
334	273
268	109
82	217
156	371
125	311
295	130
17	47
316	331
215	329
190	123
162	29
50	170
396	314
110	217
306	346
391	54
306	128
265	273
91	316
1	10
164	294
337	64
373	56
66	367
342	355
326	123
171	228
269	13
334	149
20	54
268	154
184	391
301	114
393	54
7	360
322	250
41	21
258	299
133	285
312	264
283	361
102	130
259	283
178	360
4	114
296	66
22	80
194	165
188	229
362	377
223	128
193	178
1	113
215	72
356	231
290	258
22	10
223	258
205	382
196	313
6	283
248	331
74	77
270	173
321	216
393	194
79	60
217	286
202	163
58	391
287	318
61	216
126	22
390	107
98	71
217	257
226	69
253	185
390	48
325	133
249	297
398	370
319	26
295	211
155	50
261	243
181	63
66	252
165	386
175	283
286	153
200	132
379	337
157	137
84	192
35	361
62	114
62	111
130	48
324	307
50	120
294	22
345	133
237	115
237	13
96	50
344	136
270	63
97	315
384	160
15	192
32	17
183	132
370	197
63	266
119	278
143	257
41	130
71	261
207	260
95	253
85	29
213	110
398	32
45	394
288	194
6	251
132	153
93	223
310	144
289	116
121	56
272	113
202	11
366	166
74	302
207	19
1	300
107	106
144	7
232	188
365	326
176	21
276	226
223	84
216	24
196	205
390	270
266	39
354	269
39	279
277	4
44	6
107	269
271	238
44	107
114	331
397	161
329	318
279	19
132	172
225	15
15	168
346	140
82	197
62	362
151	390
264	91
400	263
126	158
227	210
365	78
378	119
249	162
16	248
144	190
259	334
289	335
3	163
103	109
394	305
255	231
331	50
286	362
78	166
44	222
15	375
234	79
194	96
110	320
20	305
177	151
269	100
52	29
28	352
15	99
81	140
332	47
349	314
240	354
31	227
27	271
234	263
200	352
166	200
1	292
267	50
227	259
156	216
345	397
58	170
384	156
103	365
397	298
218	3
211	129
369	189
218	292
101	379
206	7
158	327
164	259
374	173
277	143
172	1
51	29
162	3
21	340
299	261
329	306
386	294
118	259
279	174
273	167
201	320
385	372
64	231
369	128
21	338
119	119
299	205
2	123
90	298
11	163
305	137
45	61
219	318
340	391
205	179
170	390
254	12
281	297
368	216
82	285
143	288
337	37
176	123
385	356
277	304
386	202
110	125
148	62
241	359
326	29
77	231
285	308
31	61
354	176
122	38
191	187
363	154
134	84
342	236
305	8
106	276
\.


--
-- TOC entry 4958 (class 0 OID 16737)
-- Dependencies: 225
-- Data for Name: productionequipment_; Type: TABLE DATA; Schema: public; Owner: postgres
--

COPY public.productionequipment_ (equipmentid_, type_, status_) FROM stdin;
1	Stirrer   	repair
2	Filter    	repair
3	Hose      	retired
4	Tank      	active
5	Conveyor  	retired
6	Barrel    	retired
7	Stirrer   	active
8	Pump      	repair
9	Crusher   	repair
10	Washer    	repair
11	Barrel    	active
12	Filter    	retired
13	Tank      	active
14	Filter    	active
15	Pump      	repair
16	Hose      	active
17	Tank      	retired
18	Crusher   	retired
19	Stirrer   	retired
20	Hose      	repair
21	Pump      	repair
22	Tank      	active
23	Hose      	retired
24	Stirrer   	repair
25	Pump      	repair
26	Crusher   	repair
27	Washer    	retired
28	Conveyor  	retired
29	Stirrer   	repair
30	Barrel    	retired
31	Crusher   	retired
32	Barrel    	repair
33	Crusher   	repair
34	Fermenter 	active
35	Filter    	repair
36	Tank      	repair
37	Filter    	active
38	Filter    	repair
39	Pump      	active
40	Filter    	repair
\.


--
-- TOC entry 4954 (class 0 OID 16658)
-- Dependencies: 221
-- Data for Name: productionprocess_; Type: TABLE DATA; Schema: public; Owner: postgres
--

COPY public.productionprocess_ (processid_, type_, startdate_, enddate_, seqnumber, grapeid, employeeid, batchnumber_) FROM stdin;
1	1	2024-02-02	2024-02-04	1	3	39	228
2	2	2024-02-07	2024-02-09	2	9	16	228
3	3	2024-02-12	2024-02-14	3	1	22	228
4	4	2024-02-17	2024-02-20	4	1	41	228
5	1	2024-02-15	2024-02-18	1	8	46	289
6	2	2024-02-20	2024-02-23	2	3	12	289
7	3	2024-02-25	2024-02-28	3	2	10	289
8	4	2024-03-01	2024-03-03	4	1	39	289
9	1	2024-02-12	2024-02-13	1	10	38	202
10	2	2024-02-17	2024-02-19	2	2	18	202
11	3	2024-02-22	2024-02-25	3	7	3	202
12	4	2024-02-27	2024-03-01	4	9	23	202
13	1	2024-01-31	2024-02-02	1	8	1	226
14	2	2024-02-05	2024-02-07	2	7	17	226
15	3	2024-02-10	2024-02-13	3	7	17	226
16	4	2024-02-15	2024-02-17	4	3	33	226
17	1	2024-01-02	2024-01-03	1	8	24	399
18	2	2024-01-07	2024-01-09	2	7	1	399
19	3	2024-01-12	2024-01-14	3	1	13	399
20	4	2024-01-17	2024-01-19	4	8	14	399
21	1	2024-03-14	2024-03-17	1	5	16	68
22	2	2024-03-19	2024-03-22	2	8	37	68
23	3	2024-03-24	2024-03-25	3	8	34	68
24	4	2024-03-29	2024-03-30	4	5	3	68
25	1	2024-01-29	2024-01-31	1	1	20	15
26	2	2024-02-03	2024-02-04	2	1	6	15
27	3	2024-02-08	2024-02-09	3	2	33	15
28	4	2024-02-13	2024-02-16	4	6	28	15
29	1	2024-01-29	2024-01-31	1	8	44	221
30	2	2024-02-03	2024-02-04	2	7	3	221
31	3	2024-02-08	2024-02-09	3	10	45	221
32	4	2024-02-13	2024-02-15	4	4	10	221
33	1	2024-03-14	2024-03-17	1	10	6	50
34	2	2024-03-19	2024-03-22	2	7	7	50
35	3	2024-03-24	2024-03-25	3	10	38	50
36	4	2024-03-29	2024-03-30	4	9	42	50
37	1	2024-03-02	2024-03-05	1	7	10	206
38	2	2024-03-07	2024-03-10	2	5	9	206
39	3	2024-03-12	2024-03-14	3	10	18	206
40	4	2024-03-17	2024-03-18	4	9	49	206
41	1	2024-03-10	2024-03-11	1	2	49	146
42	2	2024-03-15	2024-03-16	2	3	44	146
43	3	2024-03-20	2024-03-21	3	3	42	146
44	4	2024-03-25	2024-03-28	4	9	28	146
45	1	2024-04-06	2024-04-07	1	6	41	260
46	2	2024-04-11	2024-04-14	2	6	35	260
47	3	2024-04-16	2024-04-17	3	10	22	260
48	4	2024-04-21	2024-04-24	4	2	37	260
49	1	2024-03-28	2024-03-31	1	10	11	88
50	2	2024-04-02	2024-04-05	2	9	36	88
51	3	2024-04-07	2024-04-10	3	4	5	88
52	4	2024-04-12	2024-04-13	4	10	14	88
53	1	2024-02-27	2024-02-28	1	10	3	126
54	2	2024-03-03	2024-03-04	2	9	50	126
55	3	2024-03-08	2024-03-09	3	10	19	126
56	4	2024-03-13	2024-03-14	4	7	33	126
57	1	2024-02-03	2024-02-04	1	1	7	20
58	2	2024-02-08	2024-02-09	2	8	45	20
59	3	2024-02-13	2024-02-15	3	6	21	20
60	4	2024-02-18	2024-02-20	4	3	35	20
61	1	2024-02-22	2024-02-23	1	5	9	207
62	2	2024-02-27	2024-02-28	2	3	41	207
63	3	2024-03-03	2024-03-05	3	8	50	207
64	4	2024-03-08	2024-03-10	4	9	28	207
65	1	2024-01-31	2024-02-02	1	10	46	296
66	2	2024-02-05	2024-02-06	2	10	14	296
67	3	2024-02-10	2024-02-12	3	7	16	296
68	4	2024-02-15	2024-02-18	4	7	39	296
69	1	2024-03-14	2024-03-16	1	5	34	53
70	2	2024-03-19	2024-03-20	2	10	2	53
71	3	2024-03-24	2024-03-27	3	1	50	53
72	4	2024-03-29	2024-04-01	4	2	37	53
73	1	2024-03-22	2024-03-24	1	3	20	132
74	2	2024-03-27	2024-03-28	2	2	2	132
75	3	2024-04-01	2024-04-04	3	8	37	132
76	4	2024-04-06	2024-04-09	4	5	2	132
77	1	2024-01-14	2024-01-16	1	6	16	254
78	2	2024-01-19	2024-01-21	2	1	29	254
79	3	2024-01-24	2024-01-27	3	2	3	254
80	4	2024-01-29	2024-01-31	4	5	32	254
81	1	2024-03-28	2024-03-31	1	9	24	397
82	2	2024-04-02	2024-04-03	2	4	19	397
83	3	2024-04-07	2024-04-08	3	4	43	397
84	4	2024-04-12	2024-04-15	4	5	38	397
85	1	2024-02-26	2024-02-27	1	5	3	234
86	2	2024-03-02	2024-03-05	2	9	20	234
87	3	2024-03-07	2024-03-08	3	7	49	234
88	4	2024-03-12	2024-03-13	4	5	19	234
89	1	2024-01-29	2024-01-31	1	7	7	374
90	2	2024-02-03	2024-02-06	2	1	35	374
91	3	2024-02-08	2024-02-10	3	3	14	374
92	4	2024-02-13	2024-02-14	4	10	22	374
93	1	2024-01-20	2024-01-22	1	4	3	86
94	2	2024-01-25	2024-01-27	2	6	27	86
95	3	2024-01-30	2024-02-02	3	4	42	86
96	4	2024-02-04	2024-02-06	4	9	18	86
97	1	2024-03-15	2024-03-18	1	8	17	140
98	2	2024-03-20	2024-03-21	2	6	45	140
99	3	2024-03-25	2024-03-27	3	2	20	140
100	4	2024-03-30	2024-03-31	4	5	28	140
101	1	2024-02-04	2024-02-07	1	4	31	63
102	2	2024-02-09	2024-02-10	2	9	25	63
103	3	2024-02-14	2024-02-15	3	2	7	63
104	4	2024-02-19	2024-02-22	4	10	30	63
105	1	2024-02-05	2024-02-06	1	4	41	202
106	2	2024-02-10	2024-02-12	2	10	11	202
107	3	2024-02-15	2024-02-18	3	6	40	202
108	4	2024-02-20	2024-02-21	4	8	33	202
109	1	2024-02-22	2024-02-25	1	1	34	181
110	2	2024-02-27	2024-02-29	2	3	38	181
111	3	2024-03-03	2024-03-05	3	8	19	181
112	4	2024-03-08	2024-03-11	4	7	7	181
113	1	2024-03-20	2024-03-23	1	7	12	21
114	2	2024-03-25	2024-03-28	2	10	6	21
115	3	2024-03-30	2024-04-01	3	7	3	21
116	4	2024-04-04	2024-04-05	4	7	20	21
117	1	2024-03-23	2024-03-25	1	7	15	85
118	2	2024-03-28	2024-03-29	2	4	5	85
119	3	2024-04-02	2024-04-05	3	10	5	85
120	4	2024-04-07	2024-04-10	4	2	1	85
121	1	2024-03-11	2024-03-14	1	8	4	317
122	2	2024-03-16	2024-03-19	2	10	7	317
123	3	2024-03-21	2024-03-22	3	6	41	317
124	4	2024-03-26	2024-03-27	4	1	14	317
125	1	2024-03-28	2024-03-29	1	3	2	242
126	2	2024-04-02	2024-04-03	2	8	13	242
127	3	2024-04-07	2024-04-09	3	3	41	242
128	4	2024-04-12	2024-04-14	4	4	43	242
129	1	2024-04-09	2024-04-10	1	1	15	67
130	2	2024-04-14	2024-04-17	2	2	1	67
131	3	2024-04-19	2024-04-20	3	4	43	67
132	4	2024-04-24	2024-04-26	4	7	43	67
133	1	2024-01-27	2024-01-30	1	5	42	260
134	2	2024-02-01	2024-02-03	2	6	13	260
135	3	2024-02-06	2024-02-09	3	7	44	260
136	4	2024-02-11	2024-02-12	4	4	22	260
137	1	2024-04-04	2024-04-05	1	10	1	158
138	2	2024-04-09	2024-04-10	2	1	50	158
139	3	2024-04-14	2024-04-15	3	1	13	158
140	4	2024-04-19	2024-04-21	4	1	15	158
141	1	2024-01-16	2024-01-17	1	2	19	390
142	2	2024-01-21	2024-01-22	2	6	10	390
143	3	2024-01-26	2024-01-29	3	6	29	390
144	4	2024-01-31	2024-02-02	4	5	10	390
145	1	2024-01-06	2024-01-08	1	4	33	345
146	2	2024-01-11	2024-01-13	2	3	46	345
147	3	2024-01-16	2024-01-18	3	10	32	345
148	4	2024-01-21	2024-01-22	4	5	8	345
149	1	2024-03-28	2024-03-31	1	8	38	103
150	2	2024-04-02	2024-04-03	2	5	32	103
151	3	2024-04-07	2024-04-08	3	5	21	103
152	4	2024-04-12	2024-04-14	4	6	14	103
153	1	2024-03-31	2024-04-01	1	9	6	366
154	2	2024-04-05	2024-04-07	2	9	17	366
155	3	2024-04-10	2024-04-13	3	6	22	366
156	4	2024-04-15	2024-04-17	4	8	16	366
157	1	2024-03-05	2024-03-06	1	2	44	383
158	2	2024-03-10	2024-03-13	2	8	50	383
159	3	2024-03-15	2024-03-16	3	8	41	383
160	4	2024-03-20	2024-03-23	4	6	34	383
161	1	2024-04-10	2024-04-12	1	9	50	85
162	2	2024-04-15	2024-04-16	2	5	7	85
163	3	2024-04-20	2024-04-22	3	4	15	85
164	4	2024-04-25	2024-04-27	4	1	27	85
165	1	2024-02-06	2024-02-08	1	2	42	267
166	2	2024-02-11	2024-02-12	2	1	48	267
167	3	2024-02-16	2024-02-18	3	1	4	267
168	4	2024-02-21	2024-02-24	4	4	25	267
169	1	2024-03-18	2024-03-21	1	4	36	215
170	2	2024-03-23	2024-03-24	2	8	16	215
171	3	2024-03-28	2024-03-30	3	4	14	215
172	4	2024-04-02	2024-04-05	4	10	11	215
173	1	2024-01-06	2024-01-07	1	7	49	270
174	2	2024-01-11	2024-01-13	2	7	28	270
175	3	2024-01-16	2024-01-17	3	1	46	270
176	4	2024-01-21	2024-01-23	4	7	6	270
177	1	2024-04-07	2024-04-09	1	1	19	319
178	2	2024-04-12	2024-04-14	2	1	28	319
179	3	2024-04-17	2024-04-19	3	9	22	319
180	4	2024-04-22	2024-04-24	4	9	29	319
181	1	2024-01-06	2024-01-08	1	10	45	325
182	2	2024-01-11	2024-01-12	2	2	25	325
183	3	2024-01-16	2024-01-18	3	8	10	325
184	4	2024-01-21	2024-01-23	4	7	28	325
185	1	2024-04-05	2024-04-07	1	10	41	363
186	2	2024-04-10	2024-04-11	2	5	50	363
187	3	2024-04-15	2024-04-16	3	8	16	363
188	4	2024-04-20	2024-04-23	4	8	25	363
189	1	2024-03-03	2024-03-06	1	3	22	342
190	2	2024-03-08	2024-03-11	2	2	13	342
191	3	2024-03-13	2024-03-14	3	10	46	342
192	4	2024-03-18	2024-03-20	4	9	31	342
193	1	2024-02-13	2024-02-15	1	10	14	373
194	2	2024-02-18	2024-02-21	2	7	42	373
195	3	2024-02-23	2024-02-24	3	9	50	373
196	4	2024-02-28	2024-02-29	4	4	34	373
197	1	2024-02-09	2024-02-12	1	10	44	202
198	2	2024-02-14	2024-02-16	2	4	44	202
199	3	2024-02-19	2024-02-21	3	10	6	202
200	4	2024-02-24	2024-02-25	4	8	11	202
201	1	2024-02-01	2024-02-03	1	3	28	190
202	2	2024-02-06	2024-02-07	2	1	36	190
203	3	2024-02-11	2024-02-14	3	4	7	190
204	4	2024-02-16	2024-02-18	4	2	13	190
205	1	2024-03-10	2024-03-11	1	2	34	381
206	2	2024-03-15	2024-03-16	2	5	45	381
207	3	2024-03-20	2024-03-23	3	3	16	381
208	4	2024-03-25	2024-03-27	4	5	31	381
209	1	2024-01-31	2024-02-01	1	8	5	100
210	2	2024-02-05	2024-02-08	2	8	32	100
211	3	2024-02-10	2024-02-13	3	10	1	100
212	4	2024-02-15	2024-02-17	4	5	28	100
213	1	2024-03-10	2024-03-12	1	9	42	230
214	2	2024-03-15	2024-03-17	2	8	39	230
215	3	2024-03-20	2024-03-23	3	1	17	230
216	4	2024-03-25	2024-03-27	4	9	48	230
217	1	2024-03-12	2024-03-15	1	4	38	163
218	2	2024-03-17	2024-03-19	2	9	21	163
219	3	2024-03-22	2024-03-23	3	5	25	163
220	4	2024-03-27	2024-03-30	4	5	7	163
221	1	2024-02-17	2024-02-20	1	1	47	89
222	2	2024-02-22	2024-02-25	2	6	47	89
223	3	2024-02-27	2024-02-29	3	3	39	89
224	4	2024-03-03	2024-03-04	4	8	11	89
225	1	2024-01-24	2024-01-25	1	4	5	206
226	2	2024-01-29	2024-02-01	2	8	13	206
227	3	2024-02-03	2024-02-04	3	2	2	206
228	4	2024-02-08	2024-02-09	4	3	50	206
229	1	2024-03-01	2024-03-03	1	3	28	172
230	2	2024-03-06	2024-03-09	2	9	30	172
231	3	2024-03-11	2024-03-14	3	5	8	172
232	4	2024-03-16	2024-03-19	4	4	41	172
233	1	2024-01-29	2024-02-01	1	3	13	220
234	2	2024-02-03	2024-02-04	2	1	18	220
235	3	2024-02-08	2024-02-10	3	7	47	220
236	4	2024-02-13	2024-02-16	4	2	10	220
237	1	2024-01-02	2024-01-04	1	4	38	99
238	2	2024-01-07	2024-01-08	2	6	32	99
239	3	2024-01-12	2024-01-13	3	7	26	99
240	4	2024-01-17	2024-01-19	4	9	36	99
241	1	2024-02-19	2024-02-22	1	8	41	249
242	2	2024-02-24	2024-02-25	2	1	14	249
243	3	2024-02-29	2024-03-03	3	4	9	249
244	4	2024-03-05	2024-03-06	4	8	18	249
245	1	2024-02-27	2024-02-29	1	6	17	277
246	2	2024-03-03	2024-03-04	2	6	15	277
247	3	2024-03-08	2024-03-09	3	3	17	277
248	4	2024-03-13	2024-03-14	4	3	11	277
249	1	2024-02-18	2024-02-21	1	4	42	239
250	2	2024-02-23	2024-02-26	2	6	33	239
251	3	2024-02-28	2024-03-02	3	3	28	239
252	4	2024-03-04	2024-03-07	4	5	42	239
253	1	2024-03-05	2024-03-08	1	5	3	124
254	2	2024-03-10	2024-03-13	2	1	19	124
255	3	2024-03-15	2024-03-16	3	10	19	124
256	4	2024-03-20	2024-03-21	4	6	6	124
257	1	2024-01-04	2024-01-06	1	3	28	126
258	2	2024-01-09	2024-01-10	2	10	33	126
259	3	2024-01-14	2024-01-15	3	1	36	126
260	4	2024-01-19	2024-01-22	4	2	33	126
261	1	2024-01-03	2024-01-04	1	2	4	328
262	2	2024-01-08	2024-01-11	2	4	13	328
263	3	2024-01-13	2024-01-14	3	6	30	328
264	4	2024-01-18	2024-01-20	4	6	5	328
265	1	2024-02-03	2024-02-04	1	8	41	221
266	2	2024-02-08	2024-02-09	2	3	37	221
267	3	2024-02-13	2024-02-14	3	2	39	221
268	4	2024-02-18	2024-02-20	4	7	8	221
269	1	2024-03-09	2024-03-11	1	8	37	242
270	2	2024-03-14	2024-03-16	2	9	37	242
271	3	2024-03-19	2024-03-20	3	1	24	242
272	4	2024-03-24	2024-03-25	4	6	21	242
273	1	2024-01-08	2024-01-11	1	5	33	186
274	2	2024-01-13	2024-01-16	2	2	44	186
275	3	2024-01-18	2024-01-20	3	5	43	186
276	4	2024-01-23	2024-01-24	4	10	6	186
277	1	2024-01-13	2024-01-16	1	10	1	205
278	2	2024-01-18	2024-01-19	2	2	48	205
279	3	2024-01-23	2024-01-25	3	2	42	205
280	4	2024-01-28	2024-01-31	4	6	10	205
281	1	2024-01-12	2024-01-13	1	3	40	400
282	2	2024-01-17	2024-01-18	2	1	44	400
283	3	2024-01-22	2024-01-25	3	7	26	400
284	4	2024-01-27	2024-01-29	4	3	29	400
285	1	2024-02-24	2024-02-26	1	1	6	13
286	2	2024-02-29	2024-03-03	2	2	25	13
287	3	2024-03-05	2024-03-07	3	7	35	13
288	4	2024-03-10	2024-03-13	4	10	3	13
289	1	2024-04-03	2024-04-06	1	8	49	84
290	2	2024-04-08	2024-04-09	2	6	50	84
291	3	2024-04-13	2024-04-16	3	1	47	84
292	4	2024-04-18	2024-04-19	4	7	47	84
293	1	2024-03-28	2024-03-29	1	5	47	233
294	2	2024-04-02	2024-04-05	2	3	48	233
295	3	2024-04-07	2024-04-08	3	9	2	233
296	4	2024-04-12	2024-04-14	4	7	25	233
297	1	2024-01-08	2024-01-09	1	2	35	331
298	2	2024-01-13	2024-01-16	2	5	43	331
299	3	2024-01-18	2024-01-21	3	4	28	331
300	4	2024-01-23	2024-01-25	4	3	25	331
301	1	2024-04-04	2024-04-05	1	1	17	89
302	2	2024-04-09	2024-04-12	2	1	15	89
303	3	2024-04-14	2024-04-17	3	6	34	89
304	4	2024-04-19	2024-04-21	4	4	49	89
305	1	2024-01-11	2024-01-12	1	4	30	111
306	2	2024-01-16	2024-01-19	2	3	46	111
307	3	2024-01-21	2024-01-23	3	9	6	111
308	4	2024-01-26	2024-01-29	4	6	41	111
309	1	2024-02-23	2024-02-25	1	3	36	33
310	2	2024-02-28	2024-03-02	2	3	34	33
311	3	2024-03-04	2024-03-07	3	9	31	33
312	4	2024-03-09	2024-03-12	4	8	36	33
313	1	2024-02-26	2024-02-28	1	8	13	22
314	2	2024-03-02	2024-03-04	2	10	12	22
315	3	2024-03-07	2024-03-08	3	1	4	22
316	4	2024-03-12	2024-03-15	4	2	44	22
317	1	2024-01-30	2024-02-01	1	4	25	90
318	2	2024-02-04	2024-02-07	2	8	25	90
319	3	2024-02-09	2024-02-12	3	5	33	90
320	4	2024-02-14	2024-02-15	4	9	50	90
321	1	2024-03-01	2024-03-04	1	9	24	383
322	2	2024-03-06	2024-03-09	2	1	26	383
323	3	2024-03-11	2024-03-14	3	8	32	383
324	4	2024-03-16	2024-03-18	4	9	24	383
325	1	2024-02-24	2024-02-25	1	10	30	397
326	2	2024-02-29	2024-03-03	2	6	31	397
327	3	2024-03-05	2024-03-06	3	4	29	397
328	4	2024-03-10	2024-03-13	4	9	8	397
329	1	2024-01-06	2024-01-09	1	10	6	8
330	2	2024-01-11	2024-01-14	2	3	45	8
331	3	2024-01-16	2024-01-17	3	1	41	8
332	4	2024-01-21	2024-01-24	4	9	40	8
333	1	2024-01-24	2024-01-27	1	10	6	280
334	2	2024-01-29	2024-01-30	2	10	27	280
335	3	2024-02-03	2024-02-04	3	10	26	280
336	4	2024-02-08	2024-02-09	4	6	23	280
337	1	2024-03-30	2024-04-02	1	2	43	287
338	2	2024-04-04	2024-04-07	2	5	26	287
339	3	2024-04-09	2024-04-11	3	6	42	287
340	4	2024-04-14	2024-04-17	4	6	14	287
341	1	2024-01-25	2024-01-26	1	8	26	219
342	2	2024-01-30	2024-02-02	2	7	30	219
343	3	2024-02-04	2024-02-07	3	8	4	219
344	4	2024-02-09	2024-02-12	4	9	25	219
345	1	2024-01-01	2024-01-02	1	1	32	366
346	2	2024-01-06	2024-01-07	2	6	4	366
347	3	2024-01-11	2024-01-13	3	8	35	366
348	4	2024-01-16	2024-01-18	4	2	39	366
349	1	2024-02-05	2024-02-08	1	9	4	162
350	2	2024-02-10	2024-02-11	2	5	20	162
351	3	2024-02-15	2024-02-18	3	8	9	162
352	4	2024-02-20	2024-02-22	4	9	2	162
353	1	2024-03-26	2024-03-28	1	5	9	301
354	2	2024-03-31	2024-04-02	2	10	5	301
355	3	2024-04-05	2024-04-06	3	1	48	301
356	4	2024-04-10	2024-04-13	4	6	31	301
357	1	2024-01-09	2024-01-12	1	3	28	44
358	2	2024-01-14	2024-01-16	2	8	2	44
359	3	2024-01-19	2024-01-22	3	9	20	44
360	4	2024-01-24	2024-01-25	4	1	1	44
361	1	2024-01-01	2024-01-03	1	4	24	236
362	2	2024-01-06	2024-01-09	2	7	40	236
363	3	2024-01-11	2024-01-14	3	5	16	236
364	4	2024-01-16	2024-01-18	4	9	40	236
365	1	2024-04-03	2024-04-04	1	3	2	235
366	2	2024-04-08	2024-04-09	2	9	26	235
367	3	2024-04-13	2024-04-15	3	1	26	235
368	4	2024-04-18	2024-04-21	4	1	12	235
369	1	2024-03-09	2024-03-11	1	4	17	30
370	2	2024-03-14	2024-03-15	2	5	24	30
371	3	2024-03-19	2024-03-22	3	4	1	30
372	4	2024-03-24	2024-03-27	4	7	42	30
373	1	2024-02-16	2024-02-17	1	6	32	140
374	2	2024-02-21	2024-02-23	2	9	5	140
375	3	2024-02-26	2024-02-27	3	10	29	140
376	4	2024-03-02	2024-03-03	4	6	49	140
377	1	2024-04-06	2024-04-08	1	10	5	70
378	2	2024-04-11	2024-04-13	2	7	6	70
379	3	2024-04-16	2024-04-19	3	1	19	70
380	4	2024-04-21	2024-04-24	4	10	29	70
381	1	2024-02-12	2024-02-13	1	1	36	389
382	2	2024-02-17	2024-02-18	2	5	28	389
383	3	2024-02-22	2024-02-24	3	4	27	389
384	4	2024-02-27	2024-02-28	4	6	14	389
385	1	2024-03-19	2024-03-21	1	2	27	266
386	2	2024-03-24	2024-03-27	2	6	9	266
387	3	2024-03-29	2024-03-30	3	5	36	266
388	4	2024-04-03	2024-04-05	4	5	30	266
389	1	2024-03-03	2024-03-05	1	6	17	326
390	2	2024-03-08	2024-03-11	2	5	13	326
391	3	2024-03-13	2024-03-15	3	4	29	326
392	4	2024-03-18	2024-03-20	4	10	43	326
393	1	2024-04-10	2024-04-12	1	10	18	360
394	2	2024-04-15	2024-04-18	2	7	23	360
395	3	2024-04-20	2024-04-23	3	8	41	360
396	4	2024-04-25	2024-04-28	4	8	9	360
397	1	2024-02-27	2024-02-28	1	10	5	86
398	2	2024-03-03	2024-03-04	2	4	17	86
399	3	2024-03-08	2024-03-10	3	2	4	86
400	4	2024-03-13	2024-03-14	4	8	45	86
\.


--
-- TOC entry 4782 (class 2606 OID 16577)
-- Name: containers_ containers__pkey; Type: CONSTRAINT; Schema: public; Owner: postgres
--

ALTER TABLE ONLY public.containers_
    ADD CONSTRAINT containers__pkey PRIMARY KEY (containerid_);


--
-- TOC entry 4792 (class 2606 OID 16730)
-- Name: employee employee_pkey; Type: CONSTRAINT; Schema: public; Owner: postgres
--

ALTER TABLE ONLY public.employee
    ADD CONSTRAINT employee_pkey PRIMARY KEY (employeeid);


--
-- TOC entry 4784 (class 2606 OID 16657)
-- Name: finalproduct_ finalproduct__pkey; Type: CONSTRAINT; Schema: public; Owner: postgres
--

ALTER TABLE ONLY public.finalproduct_
    ADD CONSTRAINT finalproduct__pkey PRIMARY KEY (batchnumber_);


--
-- TOC entry 4778 (class 2606 OID 16562)
-- Name: grapes grapes_pkey; Type: CONSTRAINT; Schema: public; Owner: postgres
--

ALTER TABLE ONLY public.grapes
    ADD CONSTRAINT grapes_pkey PRIMARY KEY (grapeid);


--
-- TOC entry 4780 (class 2606 OID 16567)
-- Name: materials_ materials__pkey; Type: CONSTRAINT; Schema: public; Owner: postgres
--

ALTER TABLE ONLY public.materials_
    ADD CONSTRAINT materials__pkey PRIMARY KEY (materialid_);


--
-- TOC entry 4796 (class 2606 OID 16746)
-- Name: process_equipment process_equipment_pkey; Type: CONSTRAINT; Schema: public; Owner: postgres
--

ALTER TABLE ONLY public.process_equipment
    ADD CONSTRAINT process_equipment_pkey PRIMARY KEY (equipmentid_, processid_);


--
-- TOC entry 4788 (class 2606 OID 16697)
-- Name: process_materials process_materials_pkey; Type: CONSTRAINT; Schema: public; Owner: postgres
--

ALTER TABLE ONLY public.process_materials
    ADD CONSTRAINT process_materials_pkey PRIMARY KEY (processid_, materialid_);


--
-- TOC entry 4790 (class 2606 OID 16712)
-- Name: processcontainers processcontainers_pkey; Type: CONSTRAINT; Schema: public; Owner: postgres
--

ALTER TABLE ONLY public.processcontainers
    ADD CONSTRAINT processcontainers_pkey PRIMARY KEY (containerid_, processid_);


--
-- TOC entry 4794 (class 2606 OID 16741)
-- Name: productionequipment_ productionequipment__pkey; Type: CONSTRAINT; Schema: public; Owner: postgres
--

ALTER TABLE ONLY public.productionequipment_
    ADD CONSTRAINT productionequipment__pkey PRIMARY KEY (equipmentid_);


--
-- TOC entry 4786 (class 2606 OID 16662)
-- Name: productionprocess_ productionprocess__pkey; Type: CONSTRAINT; Schema: public; Owner: postgres
--

ALTER TABLE ONLY public.productionprocess_
    ADD CONSTRAINT productionprocess__pkey PRIMARY KEY (processid_);


--
-- TOC entry 4803 (class 2606 OID 16747)
-- Name: process_equipment process_equipment_equipmentid__fkey; Type: FK CONSTRAINT; Schema: public; Owner: postgres
--

ALTER TABLE ONLY public.process_equipment
    ADD CONSTRAINT process_equipment_equipmentid__fkey FOREIGN KEY (equipmentid_) REFERENCES public.productionequipment_(equipmentid_);


--
-- TOC entry 4804 (class 2606 OID 16752)
-- Name: process_equipment process_equipment_processid__fkey; Type: FK CONSTRAINT; Schema: public; Owner: postgres
--

ALTER TABLE ONLY public.process_equipment
    ADD CONSTRAINT process_equipment_processid__fkey FOREIGN KEY (processid_) REFERENCES public.productionprocess_(processid_);


--
-- TOC entry 4799 (class 2606 OID 16703)
-- Name: process_materials process_materials_materialid__fkey; Type: FK CONSTRAINT; Schema: public; Owner: postgres
--

ALTER TABLE ONLY public.process_materials
    ADD CONSTRAINT process_materials_materialid__fkey FOREIGN KEY (materialid_) REFERENCES public.materials_(materialid_);


--
-- TOC entry 4800 (class 2606 OID 16698)
-- Name: process_materials process_materials_processid__fkey; Type: FK CONSTRAINT; Schema: public; Owner: postgres
--

ALTER TABLE ONLY public.process_materials
    ADD CONSTRAINT process_materials_processid__fkey FOREIGN KEY (processid_) REFERENCES public.productionprocess_(processid_);


--
-- TOC entry 4801 (class 2606 OID 16713)
-- Name: processcontainers processcontainers_containerid__fkey; Type: FK CONSTRAINT; Schema: public; Owner: postgres
--

ALTER TABLE ONLY public.processcontainers
    ADD CONSTRAINT processcontainers_containerid__fkey FOREIGN KEY (containerid_) REFERENCES public.containers_(containerid_);


--
-- TOC entry 4802 (class 2606 OID 16718)
-- Name: processcontainers processcontainers_processid__fkey; Type: FK CONSTRAINT; Schema: public; Owner: postgres
--

ALTER TABLE ONLY public.processcontainers
    ADD CONSTRAINT processcontainers_processid__fkey FOREIGN KEY (processid_) REFERENCES public.productionprocess_(processid_);


--
-- TOC entry 4797 (class 2606 OID 16673)
-- Name: productionprocess_ productionprocess__batchnumber__fkey; Type: FK CONSTRAINT; Schema: public; Owner: postgres
--

ALTER TABLE ONLY public.productionprocess_
    ADD CONSTRAINT productionprocess__batchnumber__fkey FOREIGN KEY (batchnumber_) REFERENCES public.finalproduct_(batchnumber_);


--
-- TOC entry 4798 (class 2606 OID 16663)
-- Name: productionprocess_ productionprocess__grapeid_fkey; Type: FK CONSTRAINT; Schema: public; Owner: postgres
--

ALTER TABLE ONLY public.productionprocess_
    ADD CONSTRAINT productionprocess__grapeid_fkey FOREIGN KEY (grapeid) REFERENCES public.grapes(grapeid);


-- Completed on 2025-04-29 19:09:30

--
-- PostgreSQL database dump complete
--

