containerid_,processid_
370,215
226,302
176,5
137,370
52,287
323,316
399,200
378,211
340,251
290,343
389,219
218,2
366,314
124,125
82,373
51,332
246,298
12,146
104,140
136,369
117,272
93,130
253,141
377,190
141,212
103,215
339,88
306,349
394,63
105,392
54,334
135,20
90,296
252,329
2,83
249,391
122,243
254,17
139,234
322,220
245,233
351,301
130,379
95,223
158,218
317,120
341,363
310,392
58,50
39,69
382,41
325,148
97,341
208,255
399,150
278,368
99,352
37,84
6,30
93,239
32,123
210,58
257,142
338,4
203,327
174,147
41,68
66,158
317,194
88,76
300,352
191,67
265,265
68,112
274,277
347,269
84,379
320,164
306,285
386,50
52,118
259,73
127,135
54,358
380,262
282,311
351,275
161,110
382,171
317,95
296,4
351,315
336,340
229,7
398,143
382,132
171,267
281,207
236,143
95,258
161,302
342,198
394,230
147,164
65,337
396,46
72,162
109,219
35,212
205,36
394,366
136,76
118,348
237,311
376,336
18,116
52,1
175,14
66,21
342,352
164,135
269,15
241,378
62,47
198,15
267,287
352,115
358,160
209,239
240,223
42,162
397,47
251,48
211,125
146,18
89,138
86,301
94,393
96,128
127,361
121,63
294,212
96,151
392,67
15,34
279,35
334,249
316,174
315,2
337,345
385,7
1,214
97,228
67,76
6,77
279,179
369,40
333,375
139,132
310,150
132,360
149,324
147,330
228,345
155,304
113,268
364,31
390,276
396,71
203,246
79,329
219,36
300,111
275,324
394,155
61,176
261,82
304,364
348,80
107,96
316,239
18,155
17,106
278,108
365,289
188,311
180,378
342,26
157,268
131,228
398,343
361,53
116,225
178,31
274,157
254,220
250,76
129,204
2,96
353,335
398,248
26,12
222,226
182,116
65,237
21,226
387,393
296,72
108,157
167,272
191,7
389,340
299,23
118,242
393,110
48,148
46,304
11,311
313,209
70,261
43,124
184,260
394,8
100,308
279,315
107,128
53,97
164,341
342,51
387,198
252,354
266,48
363,209
166,358
363,85
263,169
54,260
209,341
36,110
293,378
270,49
54,185
257,277
85,102
36,19
114,150
277,152
180,215
89,256
375,32
44,31
392,293
388,273
183,342
263,188
10,375
355,300
334,1
302,297
262,283
388,379
136,261
363,283
271,277
26,54
317,112
389,368
52,262
322,21
159,344
273,211
133,74
381,299
237,138
207,389
370,222
69,203
76,111
263,92
299,387
211,47
330,147
279,369
265,212
20,312
212,1
372,384
157,108
46,254
185,229
76,237
345,322
336,209
161,291
382,381
219,93
121,142
92,346
36,279
68,20
185,305
139,84
57,179
105,100
264,145
185,221
37,171
50,316
61,229
83,167
396,299
130,74
285,75
321,183
60,132
396,368
285,230
17,309
397,334
22,375
313,85
95,86
109,168
369,81
96,62
103,359
157,284
105,183
240,129
148,19
325,157
380,64
270,297
320,254
346,154
347,182
68,274
305,250
323,293
112,394
167,260
320,81
138,35
67,101
204,363
312,309
316,58
312,28
7,326
163,98
183,202
192,245
242,320
109,138
129,189
188,306
108,97
245,226
358,257
317,60
386,395
191,287
169,371
222,338
7,2
306,135
399,191
324,339
268,53
255,355
139,144
85,235
232,193
163,268
240,292
93,139
268,306
17,165
348,216
51,160
237,123
238,277
146,292
364,25
32,144
189,252
303,271
160,226
175,188
367,234
103,263
324,155
363,357
142,372
212,162
71,315
182,280
274,175
266,342
190,247
213,62
112,373
89,357
111,94
200,171
288,195
122,349
377,250
384,388
137,106
305,116
167,56
126,241
310,390
192,382
388,165
38,281
391,247
308,190
297,221
117,349
202,22
140,56
287,254
95,72
62,29
86,74
31,94
45,147
19,10
376,14
112,332
348,146
81,153
378,214
249,96
399,236
149,136
126,133
342,217
305,47
325,91
285,266
132,269
38,280
12,240
251,157
168,374
63,315
221,59
184,245
49,283
169,298
396,292
400,112
288,119
246,95
346,317
163,205
50,42
22,82
232,258
114,175
341,375
241,382
250,40
280,208
180,229
315,388
29,230
157,223
270,241
68,109
43,22
228,195
241,165
351,283
30,103
328,379
265,365
244,44
50,359
98,324
3,296
194,45
8,291
23,72
144,132
192,147
311,109
274,358
368,284
143,34
377,109
197,217
286,36
59,232
317,90
270,308
167,25
67,149
208,252
112,167
58,78
230,72
54,112
260,48
276,235
288,40
58,345
274,325
271,84
326,398
328,100
273,43
301,146
373,163
195,26
130,352
377,360
267,283
309,389
137,278
212,98
3,345
158,213
281,102
75,212
292,67
101,195
331,329
247,179
297,400
391,176
206,87
48,398
317,365
174,6
2,232
363,163
346,126
96,60
354,162
231,282
46,225
380,353
238,190
379,314
317,122
270,178
352,306
16,347
114,76
205,4
75,116
228,123
16,94
295,379
286,248
248,131
354,261
373,7
375,7
75,361
143,304
119,331
330,293
49,314
388,107
19,58
150,308
196,94
334,120
168,340
55,22
70,338
195,334
62,27
191,334
119,173
277,56
8,107
224,1
272,209
301,215
38,220
316,247
189,398
129,90
55,247
309,67
200,154
333,107
312,120
223,292
85,117
244,400
160,180
295,339
272,251
2,177
274,118
255,375
391,140
314,394
307,318
153,168
2,28
52,294
197,92
274,375
396,64
322,261
353,320
43,107
80,398
321,389
275,142
161,340
214,326
262,330
257,338
308,131
366,159
164,1
52,48
153,359
257,221
347,259
21,302
362,14
54,264
19,60
17,162
36,147
22,351
208,311
368,227
192,360
177,28
113,165
388,80
92,328
108,306
33,26
55,86
53,50
221,54
158,245
92,116
274,197
264,272
107,149
189,234
377,245
129,125
318,300
119,306
4,38
232,326
130,12
320,104
331,276
72,56
286,158
151,31
36,390
127,395
152,69
378,52
297,169
340,365
97,385
70,314
34,282
311,171
121,12
77,177
115,200
76,235
23,125
334,303
128,155
259,81
115,239
66,42
175,334
265,216
110,117
283,76
170,19
345,152
288,203
49,171
356,349
15,189
6,316
377,396
187,270
192,185
246,301
257,349
276,289
97,231
348,259
332,351
68,166
328,145
170,307
228,233
67,254
150,42
252,1
195,99
207,47
176,368
81,384
215,305
249,286
311,228
391,203
334,221
243,338
321,196
285,88
334,273
268,109
82,217
156,371
125,311
295,130
17,47
316,331
215,329
190,123
162,29
50,170
396,314
110,217
306,346
391,54
306,128
265,273
91,316
1,10
164,294
337,64
373,56
66,367
342,355
326,123
171,228
269,13
334,149
20,54
268,154
184,391
301,114
393,54
7,360
322,250
41,21
258,299
133,285
312,264
283,361
102,130
259,283
178,360
4,114
296,66
22,80
194,165
188,229
362,377
223,128
193,178
1,113
215,72
356,231
290,258
22,10
223,258
205,382
196,313
6,283
248,331
74,77
270,173
321,216
393,194
79,60
217,286
202,163
58,391
287,318
61,216
126,22
390,107
98,71
217,257
226,69
253,185
390,48
325,133
249,297
398,370
319,26
295,211
155,50
261,243
181,63
66,252
165,386
175,283
286,153
200,132
379,337
157,137
84,192
35,361
62,114
62,111
130,48
324,307
50,120
294,22
345,133
237,115
237,13
96,50
344,136
270,63
97,315
384,160
15,192
32,17
183,132
370,197
63,266
119,278
143,257
41,130
71,261
207,260
95,253
85,29
213,110
398,32
45,394
288,194
6,251
132,153
93,223
310,144
289,116
121,56
272,113
202,11
366,166
74,302
207,19
1,300
107,106
144,7
232,188
365,326
176,21
276,226
223,84
216,24
196,205
390,270
266,39
354,269
39,279
277,4
44,6
107,269
271,238
44,107
114,331
397,161
329,318
279,19
132,172
225,15
15,168
346,140
82,197
62,362
151,390
264,91
400,263
126,158
227,210
365,78
378,119
249,162
16,248
144,190
259,334
289,335
3,163
103,109
394,305
255,231
331,50
286,362
78,166
44,222
15,375
234,79
194,96
110,320
20,305
177,151
269,100
52,29
28,352
15,99
81,140
332,47
349,314
240,354
31,227
27,271
234,263
200,352
166,200
1,292
267,50
227,259
156,216
345,397
58,170
384,156
103,365
397,298
218,3
211,129
369,189
218,292
101,379
206,7
158,327
164,259
374,173
277,143
172,1
51,29
162,3
21,340
299,261
329,306
386,294
118,259
279,174
273,167
201,320
385,372
64,231
369,128
21,338
119,119
299,205
2,123
90,298
11,163
305,137
45,61
219,318
340,391
205,179
170,390
254,12
281,297
368,216
82,285
143,288
337,37
176,123
385,356
277,304
386,202
110,125
148,62
241,359
326,29
77,231
285,308
31,61
354,176
122,38
191,187
363,154
134,84
342,236
305,8
106,276
